code,level,classificationName,
A,1,"Jordbruk, skogsbruk och fiske",
01,2,Jordbruk och jakt samt stödverksamhet i anslutning härtill,
011,3,Odling av ett- och tvååriga växter,
0111,4,"Odling av spannmål (utom ris), baljväxter och oljeväxter",
01110,5,"Odling av spannmål (utom ris), baljväxter och oljeväxter",
0112,4,Odling av ris,
01120,5,Odling av ris,
0113,4,"Odling av grönsaker och meloner, rotfrukter och stam- eller rotknölar",
01131,5,"Odling av grönsaker och meloner, rotfrukter och stam- eller rotknölar på friland exklusive odling av potatis",
01132,5,"Odling av grönsaker och meloner, rotfrukter och stam- eller rotknölar i växthus",
01133,5,Odling av potatis,
0114,4,Odling av sockerrör,
01140,5,Odling av sockerrör,
0115,4,Odling av tobak,
01150,5,Odling av tobak,
0116,4,Odling av fiberväxter,
01160,5,Odling av fiberväxter,
0119,4,Odling av andra ett- och tvååriga växter,
01191,5,Odling av blommor och prydnadsväxter,
01199,5,Övrig odling av ett- och tvååriga växter som inte klassificerats på annat håll,
012,3,Odling av fleråriga växter,
0121,4,Odling av druvor,
01210,5,Odling av druvor,
0122,4,Odling av tropiska och subtropiska frukter,
01220,5,Odling av tropiska och subtropiska frukter,
0123,4,Odling av citrusfrukter,
01230,5,Odling av citrusfrukter,
0124,4,Odling av kärnfrukter och stenfrukter,
01240,5,Odling av kärnfrukter och stenfrukter,
0125,4,"Odling av andra frukter, bär samt nötter",
01250,5,"Odling av andra frukter, bär samt nötter",
0126,4,Odling av oljehaltiga frukter,
01260,5,Odling av oljehaltiga frukter,
0127,4,Odling av växter för dryckesframställning,
01270,5,Odling av växter för dryckesframställning,
0128,4,"Odling av kryddväxter, drog- och medicinalväxter",
01280,5,"Odling av kryddväxter, drog- och medicinalväxter",
0129,4,Odling av andra fleråriga växter,
01290,5,Odling av andra fleråriga växter,
013,3,Odling av plantskoleväxter,
0130,4,Odling av plantskoleväxter,
01300,5,Odling av plantskoleväxter,
014,3,Husdjursskötsel,
0141,4,Mjölkproduktion och uppfödning av nötkreatur av mjölkras,
01410,5,Mjölkproduktion och uppfödning av nötkreatur av mjölkras,
0142,4,Uppfödning av andra nötkreatur och bufflar,
01420,5,Uppfödning av andra nötkreatur och bufflar,
0143,4,Uppfödning av hästar och andra hästdjur,
01430,5,Uppfödning av hästar och andra hästdjur,
0144,4,Uppfödning av kameler och kameldjur,
01440,5,Uppfödning av kameler och kameldjur,
0145,4,Uppfödning av får och getter,
01450,5,Uppfödning av får och getter,
0146,4,Uppfödning av svin,
01461,5,Uppfödning av svin för grisproduktion,
01462,5,Uppfödning av svin för köttproduktion,
0147,4,Äggproduktion och uppfödning av fjäderfä,
01471,5,Uppfödning av höns för äggproduktion,
01472,5,Uppfödning av kycklingar för köttproduktion,
01479,5,Övrig uppfödning av fjäderfä,
0148,4,Uppfödning av andra djur,
01481,5,Uppfödning av pälsdjur,
01482,5,Renskötsel,
01489,5,Övrig uppfödning av djur som inte klassificerats på annat håll,
015,3,Blandat jordbruk,
0150,4,Blandat jordbruk,
01500,5,Blandat jordbruk,
016,3,Stödverksamhet avseende jordbruk och bearbetning av skördade växter,
0161,4,Stödverksamhet avseende växtodling,
01611,5,Att hålla odlingsmark i gott skick,
01612,5,Övrig stödverksamhet avseende växtodling,
0162,4,Stödverksamhet avseende husdjursskötsel,
01620,5,Stödverksamhet avseende husdjursskötsel,
0163,4,Bearbetning av skördade växter och utsäde,
01630,5,Bearbetning av skördade växter och utsäde,
017,3,Jakt och stödverksamhet i anslutning härtill,
0170,4,Jakt och stödverksamhet i anslutning härtill,
01700,5,Jakt och stödverksamhet i anslutning härtill,
02,2,Skogsbruk,
021,3,Skogsförvaltning och skogsskötsel,
0210,4,Skogsförvaltning och skogsskötsel,
02100,5,Skogsförvaltning och skogsskötsel,
022,3,Drivning,
0220,4,Drivning,
02200,5,Drivning,
023,3,Insamling av annat vilt växande skogsmaterial än trä,
0230,4,Insamling av annat vilt växande skogsmaterial än trä,
02300,5,Insamling av annat vilt växande skogsmaterial än trä,
024,3,Stödverksamhet avseende skogsbruk,
0240,4,Stödverksamhet avseende skogsbruk,
02400,5,Stödverksamhet avseende skogsbruk,
03,2,Fiske och vattenbruk,
031,3,Fiske,
0311,4,Saltvattensfiske,
03110,5,Saltvattensfiske,
0312,4,Sötvattensfiske,
03120,5,Sötvattensfiske,
032,3,Vattenbruk,
0321,4,Vattenbruk i saltvatten,
03210,5,Vattenbruk i saltvatten,
0322,4,Vattenbruk i sötvatten,
03220,5,Vattenbruk i sötvatten,
033,3,Stödverksamhet avseende fiske och vattenbruk,
0330,4,Stödverksamhet avseende fiske och vattenbruk,
03300,5,Stödverksamhet avseende fiske och vattenbruk,
B,1,Utvinning av mineral,
05,2,Kolutvinning,
051,3,Stenkolsutvinning,
0510,4,Stenkolsutvinning,
05100,5,Stenkolsutvinning,
052,3,Brunkolsutvinning,
0520,4,Brunkolsutvinning,
05200,5,Brunkolsutvinning,
06,2,Utvinning av råpetroleum och naturgas,
061,3,Utvinning av råpetroleum,
0610,4,Utvinning av råpetroleum,
06100,5,Utvinning av råpetroleum,
062,3,Utvinning av naturgas,
0620,4,Utvinning av naturgas,
06200,5,Utvinning av naturgas,
07,2,Utvinning av metallmalmer,
071,3,Järnmalmsutvinning,
0710,4,Järnmalmsutvinning,
07100,5,Järnmalmsutvinning,
072,3,Utvinning av andra metallmalmer än järnmalm,
0721,4,Utvinning av uran- och toriummalm,
07210,5,Utvinning av uran- och toriummalm,
0729,4,Utvinning av annan malm,
07290,5,Utvinning av annan malm,
08,2,Annan utvinning av mineral,
081,3,"Utvinning av sand, grus, sten och lera",
0811,4,"Brytning av natursten, kalk- och gipssten, skiffer eller annan sten",
08110,5,"Brytning av natursten, kalk- och gipssten, skiffer eller annan sten",
0812,4,"Utvinning av sand, grus och berg samt utvinning av lera och kaolin",
08120,5,"Utvinning av sand, grus och berg samt utvinning av lera och kaolin",
089,3,Övrig utvinning av mineral,
0891,4,Utvinning av kemiska mineral,
08910,5,Utvinning av kemiska mineral,
0892,4,Torvutvinning,
08920,5,Torvutvinning,
0893,4,Saltutvinning,
08930,5,Saltutvinning,
0899,4,Diverse övrig utvinning av mineral,
08990,5,Diverse övrig utvinning av mineral,
09,2,Stödverksamhet avseende utvinning,
091,3,Stödverksamhet avseende råpetroleum- och naturgasutvinning,
0910,4,Stödverksamhet avseende råpetroleum- och naturgasutvinning,
09100,5,Stödverksamhet avseende råpetroleum- och naturgasutvinning,
099,3,Stödverksamhet avseende annan utvinning,
0990,4,Stödverksamhet avseende annan utvinning,
09900,5,Stödverksamhet avseende annan utvinning,
C,1,Tillverkning,
10,2,Livsmedelsframställning,
101,3,Beredning och hållbarhetsbehandling av kött och köttvaror,
1011,4,"Beredning och hållbarhetsbehandling av kött, utom fjäderfäkött",
10110,5,"Beredning och hållbarhetsbehandling av kött, utom fjäderfäkött",
1012,4,Beredning och hållbarhetsbehandling av fjäderfäkött,
10120,5,Beredning och hållbarhetsbehandling av fjäderfäkött,
1013,4,Charkuteri- och annan köttvarutillverkning,
10130,5,Charkuteri- och annan köttvarutillverkning,
102,3,Beredning och hållbarhetsbehandling av fisk samt skal- och blötdjur,
1020,4,Beredning och hållbarhetsbehandling av fisk samt skal- och blötdjur,
10200,5,Beredning och hållbarhetsbehandling av fisk samt skal- och blötdjur,
103,3,"Beredning och hållbarhetsbehandling av frukt, bär och grönsaker",
1031,4,Beredning och hållbarhetsbehandling av potatis,
10310,5,Beredning och hållbarhetsbehandling av potatis,
1032,4,Juice- och safttillverkning,
10320,5,Juice- och safttillverkning,
1039,4,"Annan beredning och hållbarhetsbehandling av frukt, bär och grönsaker",
10390,5,"Annan beredning och hållbarhetsbehandling av frukt, bär och grönsaker",
104,3,Framställning av vegetabiliska och animaliska oljor och fetter,
1041,4,Framställning av vegetabiliska och animaliska oljor och fetter,
10410,5,Framställning av vegetabiliska och animaliska oljor och fetter,
1042,4,Matfettstillverkning,
10420,5,Matfettstillverkning,
105,3,Tillverkning av mejerivaror och glassvaror,
1051,4,Tillverkning av mejerivaror,
10510,5,Tillverkning av mejerivaror,
1052,4,Tillverkning av glassvaror,
10520,5,Tillverkning av glassvaror,
106,3,Tillverkning av kvarnprodukter och stärkelse,
1061,4,Tillverkning av kvarnprodukter,
10610,5,Tillverkning av kvarnprodukter,
1062,4,Stärkelsetillverkning,
10620,5,Stärkelsetillverkning,
107,3,Tillverkning av bageri- och mjölprodukter,
1071,4,Tillverkning av mjukt matbröd och färska bakverk,
10710,5,Tillverkning av mjukt matbröd och färska bakverk,
1072,4,"Tillverkning av knäckebröd, kex och konserverade bakverk",
10720,5,"Tillverkning av knäckebröd, kex och konserverade bakverk",
1073,4,Tillverkning av mjölprodukter,
10730,5,Tillverkning av mjölprodukter,
108,3,Annan livsmedelsframställning,
1081,4,Sockertillverkning,
10810,5,Sockertillverkning,
1082,4,"Tillverkning av kakao, choklad- och sockerkonfektyrer",
10820,5,"Tillverkning av kakao, choklad- och sockerkonfektyrer",
1083,4,Framställning av te och kaffe,
10830,5,Framställning av te och kaffe,
1084,4,Tillverkning av kryddor och andra smaksättare,
10840,5,Tillverkning av kryddor och andra smaksättare,
1085,4,Tillverkning av lagad mat och färdigrätter,
10850,5,Tillverkning av lagad mat och färdigrätter,
1086,4,Tillverkning av homogeniserade livsmedelsberedningar inklusive dietmat,
10860,5,Tillverkning av homogeniserade livsmedelsberedningar inklusive dietmat,
1089,4,Framställning av diverse övriga livsmedel,
10890,5,Framställning av diverse övriga livsmedel,
109,3,Framställning av beredda djurfoder,
1091,4,Framställning av beredda fodermedel,
10910,5,Framställning av beredda fodermedel,
1092,4,Framställning av mat till sällskapsdjur,
10920,5,Framställning av mat till sällskapsdjur,
11,2,Framställning av drycker,
110,3,Framställning av drycker,
1101,4,"Destillering, rening och tillblandning av spritdrycker",
11010,5,"Destillering, rening och tillblandning av spritdrycker",
1102,4,Framställning av vin från druvor,
11020,5,Framställning av vin från druvor,
1103,4,Framställning av cider och andra jästa drycker av frukt,
11030,5,Framställning av cider och andra jästa drycker av frukt,
1104,4,Framställning av andra icke-destillerade jästa drycker,
11040,5,Framställning av andra icke-destillerade jästa drycker,
1105,4,Framställning av öl,
11050,5,Framställning av öl,
1106,4,Framställning av malt,
11060,5,Framställning av malt,
1107,4,"Framställning av läskedrycker, mineralvatten och annat vatten på flaska",
11070,5,"Framställning av läskedrycker, mineralvatten och annat vatten på flaska",
12,2,Tobaksvarutillverkning,
120,3,Tobaksvarutillverkning,
1200,4,Tobaksvarutillverkning,
12000,5,Tobaksvarutillverkning,
13,2,Textilvarutillverkning,
131,3,Garntillverkning,
1310,4,Garntillverkning,
13100,5,Garntillverkning,
132,3,Vävnadstillverkning,
1320,4,Vävnadstillverkning,
13200,5,Vävnadstillverkning,
133,3,"Blekning, färgning och annan textilberedning",
1330,4,"Blekning, färgning och annan textilberedning",
13300,5,"Blekning, färgning och annan textilberedning",
139,3,Annan textilietillverkning,
1391,4,Tillverkning av trikåväv,
13910,5,Tillverkning av trikåväv,
1392,4,Tillverkning av hushållstextilier och andra sydda inredningsartiklar,
13920,5,Tillverkning av hushållstextilier och andra sydda inredningsartiklar,
1393,4,Tillverkning av mattor,
13930,5,Tillverkning av mattor,
1394,4,Tågvirkes- och bindgarnstillverkning,
13940,5,Tågvirkes- och bindgarnstillverkning,
1395,4,Tillverkning av bondad duk och varor av bondad duk,
13950,5,Tillverkning av bondad duk och varor av bondad duk,
1396,4,Tillverkning av andra tekniska textilier och industritextilier,
13960,5,Tillverkning av andra tekniska textilier och industritextilier,
1399,4,Övrig textilietillverkning,
13990,5,Övrig textilietillverkning,
14,2,Tillverkning av kläder,
141,3,Tillverkning av trikåvaror,
1410,4,Tillverkning av trikåvaror,
14100,5,Tillverkning av trikåvaror,
142,3,Tillverkning av andra beklädnadsvaror och tillbehör,
1421,4,Tillverkning av gång- och ytterkläder,
14210,5,Tillverkning av gång- och ytterkläder,
1422,4,"Tillverkning av underkläder, skjortor och blusar",
14220,5,"Tillverkning av underkläder, skjortor och blusar",
1423,4,"Tillverkning av arbets-, skydds- och överdragskläder",
14230,5,"Tillverkning av arbets-, skydds- och överdragskläder",
1424,4,Tillverkning av läder- och skinnkläder samt pälsvaror,
14240,5,Tillverkning av läder- och skinnkläder samt pälsvaror,
1429,4,Tillverkning av diverse övriga beklädnadsvaror och tillbehör,
14290,5,Tillverkning av diverse övriga beklädnadsvaror och tillbehör,
15,2,Tillverkning av läder- och skinnvaror och liknande varor av andra material,
151,3,"Garvning och annan beredning av läder-, skinn och pälsvaror; tillverkning av reseffekter, handväskor, sadel- och seldon",
1511,4,"Garvning och annan beredning av läder-, skinn- och pälsvaror",
15110,5,"Garvning och annan beredning av läder-, skinn- och pälsvaror",
1512,4,"Tillverkning av reseffekter, handväskor, sadel- och seldon oavsett material",
15120,5,"Tillverkning av reseffekter, handväskor, sadel- och seldon oavsett material",
152,3,Tillverkning av skodon,
1520,4,Tillverkning av skodon,
15200,5,Tillverkning av skodon,
16,2,"Tillverkning av trä och varor av trä och kork, utom möbler: tillverkning av varor av halm, rotting o.d.",
161,3,Sågning och hyvling av trä; bearbetning och slutbehandling av trä,
1611,4,Sågning och hyvling av trä,
16110,5,Sågning och hyvling av trä,
1612,4,Bearbetning och slutbehandling av trä,
16120,5,Bearbetning och slutbehandling av trä,
162,3,"Tillverkning av varor av trä, kork, halm, rotting o.d.",
1621,4,Tillverkning av fanér och träbaserade skivor,
16210,5,Tillverkning av fanér och träbaserade skivor,
1622,4,Tillverkning av sammansatta parkettgolv,
16220,5,Tillverkning av sammansatta parkettgolv,
1623,4,Tillverkning av andra byggnads- och inredningssnickerier,
16231,5,Tillverkning av trähus,
16239,5,Övrig tillverkning av byggnads- och inredningssnickerier som inte klassificerats på annat håll,
1624,4,Träförpackningstillverkning,
16240,5,Träförpackningstillverkning,
1625,4,Tillverkning av dörrar och fönster av trä,
16250,5,Tillverkning av dörrar och fönster av trä,
1626,4,Tillverkning av fasta bränslen av vegetabilisk biomassa,
16260,5,Tillverkning av fasta bränslen av vegetabilisk biomassa,
1627,4,Slutbehandling av varor av trä,
16270,5,Slutbehandling av varor av trä,
1628,4,"Tillverkning av andra varor av trä och varor av kork, halm, rotting o.d.",
16280,5,"Tillverkning av andra varor av trä och varor av kork, halm, rotting o.d.",
17,2,Pappers- och pappersvarutillverkning,
171,3,"Massa-, pappers- och papptillverkning",
1711,4,Massatillverkning,
17110,5,Massatillverkning,
1712,4,Pappers- och papptillverkning,
17120,5,Pappers- och papptillverkning,
172,3,Tillverkning av pappers- och pappvaror,
1721,4,Tillverkning av wellpapp och pappers- och pappförpackningar,
17210,5,Tillverkning av wellpapp och pappers- och pappförpackningar,
1722,4,Tillverkning av hushålls- och hygienartiklar av papper,
17220,5,Tillverkning av hushålls- och hygienartiklar av papper,
1723,4,"Tillverkning av skrivpapper, kuvert o.d.",
17230,5,"Tillverkning av skrivpapper, kuvert o.d.",
1724,4,Tapettillverkning,
17240,5,Tapettillverkning,
1725,4,Tillverkning av andra pappers- och pappvaror,
17250,5,Tillverkning av andra pappers- och pappvaror,
18,2,Grafisk produktion och reproduktion av inspelningar,
181,3,Grafisk produktion,
1811,4,Tryckning av dagstidningar,
18110,5,Tryckning av dagstidningar,
1812,4,Annan tryckning,
18120,5,Annan tryckning,
1813,4,Grafiska tjänster före tryckning (prepress/premedia),
18130,5,Grafiska tjänster före tryckning (prepress/premedia),
1814,4,Bokbindning och annan verksamhet avseende tryckning,
18140,5,Bokbindning och annan verksamhet avseende tryckning,
182,3,Reproduktion av inspelningar,
1820,4,Reproduktion av inspelningar,
18200,5,Reproduktion av inspelningar,
19,2,Tillverkning av stenkolsprodukter och raffinerade petroleumprodukter,
191,3,Tillverkning av stenkolsprodukter,
1910,4,Tillverkning av stenkolsprodukter,
19100,5,Tillverkning av stenkolsprodukter,
192,3,Tillverkning av raffinerade petroleumprodukter och fossila bränsleprodukter,
1920,4,Tillverkning av raffinerade petroleumprodukter och fossila bränsleprodukter,
19200,5,Tillverkning av raffinerade petroleumprodukter och fossila bränsleprodukter,
20,2,Tillverkning av kemikalier och kemiska produkter,
201,3,"Tillverkning av baskemikalier, gödselmedel och kväveprodukter, plaster och syntetgummi i obearbetad form",
2011,4,Industrigasframställning,
20110,5,Industrigasframställning,
2012,4,Tillverkning av färgämnen,
20120,5,Tillverkning av färgämnen,
2013,4,Tillverkning av andra oorganiska baskemikalier,
20130,5,Tillverkning av andra oorganiska baskemikalier,
2014,4,Tillverkning av andra organiska baskemikalier,
20140,5,Tillverkning av andra organiska baskemikalier,
2015,4,Tillverkning av gödselmedel och kväveprodukter,
20150,5,Tillverkning av gödselmedel och kväveprodukter,
2016,4,Basplastframställning,
20160,5,Basplastframställning,
2017,4,Tillverkning av syntetiskt basgummi,
20170,5,Tillverkning av syntetiskt basgummi,
202,3,"Tillverkning av bekämpningsmedel, desinfektionsmedel och andra lantbrukskemiska produkter",
2020,4,"Tillverkning av bekämpningsmedel, desinfektionsmedel och andra lantbrukskemiska produkter",
20200,5,"Tillverkning av bekämpningsmedel, desinfektionsmedel och andra lantbrukskemiska produkter",
203,3,"Tillverkning av färg, lack, tryckfärg m.m.",
2030,4,"Tillverkning av färg, lack, tryckfärg m.m.",
20300,5,"Tillverkning av färg, lack, tryckfärg m.m.",
204,3,"Tillverkning av rengöringsmedel, tvättmedel och polermedel",
2041,4,"Tillverkning av tvål, såpa, tvättmedel och polermedel",
20410,5,"Tillverkning av tvål, såpa, tvättmedel och polermedel",
2042,4,Tillverkning av parfym och toalettartiklar,
20420,5,Tillverkning av parfym och toalettartiklar,
205,3,Tillverkning av andra kemiska produkter,
2051,4,Tillverkning av flytande biobränslen,
20510,5,Tillverkning av flytande biobränslen,
2059,4,Tillverkning av diverse övriga kemiska produkter,
20590,5,Tillverkning av diverse övriga kemiska produkter,
206,3,Konstfibertillverkning,
2060,4,Konstfibertillverkning,
20600,5,Konstfibertillverkning,
21,2,Tillverkning av farmaceutiska basprodukter och läkemedel,
211,3,Tillverkning av farmaceutiska basprodukter,
2110,4,Tillverkning av farmaceutiska basprodukter,
21100,5,Tillverkning av farmaceutiska basprodukter,
212,3,Tillverkning av läkemedel,
2120,4,Tillverkning av läkemedel,
21200,5,Tillverkning av läkemedel,
22,2,Tillverkning av gummi- och plastvaror,
221,3,Tillverkning av gummivaror,
2211,4,"Tillverkning och regummering av däck, tillverkning av slangar",
22110,5,"Tillverkning och regummering av däck, tillverkning av slangar",
2212,4,Annan gummivarutillverkning,
22120,5,Annan gummivarutillverkning,
222,3,Plastvarutillverkning,
2221,4,Tillverkning av plasthalvfabrikat,
22210,5,Tillverkning av plasthalvfabrikat,
2222,4,Plastförpackningstillverkning,
22220,5,Plastförpackningstillverkning,
2223,4,Tillverkning av dörrar och fönster av plast,
22230,5,Tillverkning av dörrar och fönster av plast,
2224,4,Byggplastvarutillverkning,
22240,5,Byggplastvarutillverkning,
2225,4,Bearbetning och slutbehandling av plastvaror,
22250,5,Bearbetning och slutbehandling av plastvaror,
2226,4,Annan plastvarutillverkning,
22260,5,Annan plastvarutillverkning,
23,2,Tillverkning av andra icke-metalliska mineraliska produkter,
231,3,Glas- och glasvarutillverkning,
2311,4,Tillverkning av planglas,
23110,5,Tillverkning av planglas,
2312,4,Bearbetning av planglas,
23120,5,Bearbetning av planglas,
2313,4,"Tillverkning av buteljer, glasförpackningar och husgeråd av glas",
23130,5,"Tillverkning av buteljer, glasförpackningar och husgeråd av glas",
2314,4,Tillverkning av glasfiber,
23140,5,Tillverkning av glasfiber,
2315,4,Tillverkning av andra glasvaror inklusive tekniska glasvaror,
23150,5,Tillverkning av andra glasvaror inklusive tekniska glasvaror,
232,3,Tillverkning av eldfasta produkter,
2320,4,Tillverkning av eldfasta produkter,
23200,5,Tillverkning av eldfasta produkter,
233,3,Tillverkning av byggmaterial av lergods,
2331,4,Tillverkning av keramiska golv- och väggplattor,
23310,5,Tillverkning av keramiska golv- och väggplattor,
2332,4,"Tillverkning av murtegel, takpannor och andra byggvaror av tegel",
23320,5,"Tillverkning av murtegel, takpannor och andra byggvaror av tegel",
234,3,Tillverkning av andra porslinsprodukter och keramiska produkter,
2341,4,Tillverkning av keramiska hushålls- och prydnadsartiklar,
23410,5,Tillverkning av keramiska hushålls- och prydnadsartiklar,
2342,4,Tillverkning av keramiska sanitetsartiklar,
23420,5,Tillverkning av keramiska sanitetsartiklar,
2343,4,Tillverkning av keramiska isolatorer o.d.,
23430,5,Tillverkning av keramiska isolatorer o.d.,
2344,4,Tillverkning av andra tekniska keramiska produkter,
23440,5,Tillverkning av andra tekniska keramiska produkter,
2345,4,Tillverkning av andra keramiska produkter,
23450,5,Tillverkning av andra keramiska produkter,
235,3,"Tillverkning av cement, kalk och gips",
2351,4,Tillverkning av cement,
23510,5,Tillverkning av cement,
2352,4,Tillverkning av kalk och gips,
23520,5,Tillverkning av kalk och gips,
236,3,"Tillverkning av varor av betong, cement och gips",
2361,4,Tillverkning av betongvaror för byggändamål,
23610,5,Tillverkning av betongvaror för byggändamål,
2362,4,Tillverkning av gipsvaror för byggändamål,
23620,5,Tillverkning av gipsvaror för byggändamål,
2363,4,Tillverkning av fabriksblandad betong,
23630,5,Tillverkning av fabriksblandad betong,
2364,4,Tillverkning av murbruk,
23640,5,Tillverkning av murbruk,
2365,4,Tillverkning av fibercementvaror,
23650,5,Tillverkning av fibercementvaror,
2366,4,"Tillverkning av andra varor av betong, cement och gips",
23660,5,"Tillverkning av andra varor av betong, cement och gips",
237,3,"Huggning, formning och slutlig bearbetning av sten",
2370,4,"Huggning, formning och slutlig bearbetning av sten",
23700,5,"Huggning, formning och slutlig bearbetning av sten",
239,3,Tillverkning av slipmedel och övriga icke-metalliska mineraliska produkter,
2391,4,Tillverkning av slipmedel,
23910,5,Tillverkning av slipmedel,
2399,4,Tillverkning av diverse övriga icke-metalliska mineraliska produkter,
23990,5,Tillverkning av diverse övriga icke-metalliska mineraliska produkter,
24,2,Stål- och metallframställning,
241,3,Framställning av järn och stål samt ferrolegeringar,
2410,4,Framställning av järn och stål samt ferrolegeringar,
24100,5,Framställning av järn och stål samt ferrolegeringar,
242,3,"Tillverkning av rör, ledningar, ihåliga profiler och tillbehör av stål",
2420,4,"Tillverkning av rör, ledningar, ihåliga profiler och tillbehör av stål",
24200,5,"Tillverkning av rör, ledningar, ihåliga profiler och tillbehör av stål",
243,3,Annan primärbearbetning av stål,
2431,4,Tillverkning av kalldragen stålstång,
24310,5,Tillverkning av kalldragen stålstång,
2432,4,Tillverkning av kallvalsade stålband,
24320,5,Tillverkning av kallvalsade stålband,
2433,4,Tillverkning av andra kallformade produkter av stål,
24330,5,Tillverkning av andra kallformade produkter av stål,
2434,4,Tillverkning av kalldragen ståltråd,
24340,5,Tillverkning av kalldragen ståltråd,
244,3,Framställning av andra metaller än järn,
2441,4,Framställning av ädla metaller,
24410,5,Framställning av ädla metaller,
2442,4,Framställning av aluminium,
24420,5,Framställning av aluminium,
2443,4,"Framställning av bly, zink och tenn",
24430,5,"Framställning av bly, zink och tenn",
2444,4,Framställning av koppar,
24440,5,Framställning av koppar,
2445,4,Framställning av andra metaller,
24450,5,Framställning av andra metaller,
2446,4,Tillverkning av kärnbränsle,
24460,5,Tillverkning av kärnbränsle,
245,3,Gjutning av metall,
2451,4,Gjutning av järn,
24510,5,Gjutning av järn,
2452,4,Gjutning av stål,
24520,5,Gjutning av stål,
2453,4,Gjutning av lättmetall,
24530,5,Gjutning av lättmetall,
2454,4,Gjutning av andra metaller,
24540,5,Gjutning av andra metaller,
25,2,Tillverkning av metallvaror utom maskiner och apparater,
251,3,Byggnadsmetallvarutillverkning,
2511,4,Tillverkning av metallstommar och delar därav,
25110,5,Tillverkning av metallstommar och delar därav,
2512,4,Tillverkning av dörrar och fönster av metall,
25120,5,Tillverkning av dörrar och fönster av metall,
252,3,"Tillverkning av cisterner, tankar, kar och andra behållare av metall",
2521,4,"Tillverkning av radiatorer, ånggeneratorer och pannor för centraluppvärmning",
25210,5,"Tillverkning av radiatorer, ånggeneratorer och pannor för centraluppvärmning",
2522,4,"Tillverkning av andra cisterner, tankar, kar och andra behållare av metall",
25220,5,"Tillverkning av andra cisterner, tankar, kar och andra behållare av metall",
253,3,Tillverkning av vapen och ammunition,
2530,4,Tillverkning av vapen och ammunition,
25300,5,Tillverkning av vapen och ammunition,
254,3,Smidning och formning av metall och pulvermetallurgi,
2540,4,Smidning och formning av metall och pulvermetallurgi,
25400,5,Smidning och formning av metall och pulvermetallurgi,
255,3,Beläggning och överdragning av metall; metallegoarbeten,
2551,4,Beläggning och överdragning av metall,
25510,5,Beläggning och överdragning av metall,
2552,4,Värmebehandling av metall,
25520,5,Värmebehandling av metall,
2553,4,Metallegoarbeten,
25530,5,Metallegoarbeten,
256,3,"Tillverkning av bestick, verktyg och andra järnhandelsvaror",
2561,4,Tillverkning av bestick,
25610,5,Tillverkning av bestick,
2562,4,Tillverkning av lås och gångjärn,
25620,5,Tillverkning av lås och gångjärn,
2563,4,Tillverkning av verktyg och redskap,
25630,5,Tillverkning av verktyg och redskap,
259,3,Annan metallvarutillverkning,
2591,4,Tillverkning av stålfat o.d. behållare,
25910,5,Tillverkning av stålfat o.d. behållare,
2592,4,Tillverkning av lättmetallförpackningar,
25920,5,Tillverkning av lättmetallförpackningar,
2593,4,"Tillverkning av metalltrådvaror, kedjor och fjädrar",
25930,5,"Tillverkning av metalltrådvaror, kedjor och fjädrar",
2594,4,Tillverkning av nitar och skruvar,
25940,5,Tillverkning av nitar och skruvar,
2599,4,Diverse övrig metallvarutillverkning,
25990,5,Diverse övrig metallvarutillverkning,
26,2,"Tillverkning av datorer, elektronikvaror och optik",
261,3,Tillverkning av elektroniska komponenter och kretskort,
2611,4,Tillverkning av elektroniska komponenter,
26110,5,Tillverkning av elektroniska komponenter,
2612,4,Tillverkning av kretskort,
26120,5,Tillverkning av kretskort,
262,3,Tillverkning av datorer och kringutrustning,
2620,4,Tillverkning av datorer och kringutrustning,
26200,5,Tillverkning av datorer och kringutrustning,
263,3,Tillverkning av kommunikationsutrustning,
2630,4,Tillverkning av kommunikationsutrustning,
26300,5,Tillverkning av kommunikationsutrustning,
264,3,Tillverkning av hemelektronik,
2640,4,Tillverkning av hemelektronik,
26400,5,Tillverkning av hemelektronik,
265,3,Tillverkning av instrument för mätning och provning samt ur,
2651,4,"Tillverkning av instrument och apparater för mätning, provning och navigering",
26510,5,"Tillverkning av instrument och apparater för mätning, provning och navigering",
2652,4,Urtillverkning,
26520,5,Urtillverkning,
266,3,Tillverkning av strålningsutrustning samt elektromedicinsk och elektroterapeutisk utrustning,
2660,4,Tillverkning av strålningsutrustning samt elektromedicinsk och elektroterapeutisk utrustning,
26600,5,Tillverkning av strålningsutrustning samt elektromedicinsk och elektroterapeutisk utrustning,
267,3,"Tillverkning av optiska instrument, magnetiska och optiska medier samt fotoutrustning",
2670,4,"Tillverkning av optiska instrument, magnetiska och optiska medier samt fotoutrustning",
26700,5,"Tillverkning av optiska instrument, magnetiska och optiska medier samt fotoutrustning",
27,2,Tillverkning av elapparatur,
271,3,"Tillverkning av elmotorer, generatorer och transformatorer samt eldistributions- och elkontrollapparater",
2711,4,"Tillverkning av elmotorer, generatorer och transformatorer",
27110,5,"Tillverkning av elmotorer, generatorer och transformatorer",
2712,4,Tillverkning av eldistributions- och elkontrollapparater,
27120,5,Tillverkning av eldistributions- och elkontrollapparater,
272,3,Batteri- och ackumulatortillverkning,
2720,4,Batteri- och ackumulatortillverkning,
27200,5,Batteri- och ackumulatortillverkning,
273,3,Tillverkning av ledningar och kablar och kabeltillbehör,
2731,4,Tillverkning av optiska fiberkablar,
27310,5,Tillverkning av optiska fiberkablar,
2732,4,Tillverkning av andra elektroniska och elektriska ledningar och kablar,
27320,5,Tillverkning av andra elektroniska och elektriska ledningar och kablar,
2733,4,Tillverkning av kabeltillbehör,
27330,5,Tillverkning av kabeltillbehör,
274,3,Tillverkning av belysningsarmatur,
2740,4,Tillverkning av belysningsarmatur,
27400,5,Tillverkning av belysningsarmatur,
275,3,Tillverkning av hushållsmaskiner och hushållsapparater,
2751,4,Tillverkning av elektriska hushållsmaskiner och hushållsapparater,
27510,5,Tillverkning av elektriska hushållsmaskiner och hushållsapparater,
2752,4,Tillverkning av icke-elektriska hushållsmaskiner och hushållsapparater,
27520,5,Tillverkning av icke-elektriska hushållsmaskiner och hushållsapparater,
279,3,Tillverkning av annan elapparatur,
2790,4,Tillverkning av annan elapparatur,
27900,5,Tillverkning av annan elapparatur,
28,2,Tillverkning av övriga maskiner,
281,3,Tillverkning av maskiner för allmänt ändamål,
2811,4,Tillverkning av motorer och turbiner utom för luftfartyg och fordon,
28110,5,Tillverkning av motorer och turbiner utom för luftfartyg och fordon,
2812,4,Tillverkning av fluidteknisk utrustning,
28120,5,Tillverkning av fluidteknisk utrustning,
2813,4,Tillverkning av andra pumpar och kompressorer,
28130,5,Tillverkning av andra pumpar och kompressorer,
2814,4,Tillverkning av andra kranar och ventiler,
28140,5,Tillverkning av andra kranar och ventiler,
2815,4,"Tillverkning av lager, kugghjul och andra delar för kraftöverföring",
28150,5,"Tillverkning av lager, kugghjul och andra delar för kraftöverföring",
282,3,Tillverkning av andra maskiner för allmänt ändamål,
2821,4,Tillverkning av ugnar och monterad värmeutrustning för bostadsuppvärmning,
28210,5,Tillverkning av ugnar och monterad värmeutrustning för bostadsuppvärmning,
2822,4,Tillverkning av lyft- och godshanteringsanordningar,
28220,5,Tillverkning av lyft- och godshanteringsanordningar,
2823,4,"Tillverkning av kontorsmaskiner och kontorsutrustning, utom datorer och kringutrustning",
28230,5,"Tillverkning av kontorsmaskiner och kontorsutrustning, utom datorer och kringutrustning",
2824,4,Tillverkning av motordrivna handverktyg,
28240,5,Tillverkning av motordrivna handverktyg,
2825,4,"Tillverkning av luftkonditionering, utom för hushåll",
28250,5,"Tillverkning av luftkonditionering, utom för hushåll",
2829,4,Tillverkning av diverse övriga maskiner för allmänt ändamål,
28290,5,Tillverkning av diverse övriga maskiner för allmänt ändamål,
283,3,Tillverkning av jord- och skogsbruksmaskiner,
2830,4,Tillverkning av jord- och skogsbruksmaskiner,
28300,5,Tillverkning av jord- och skogsbruksmaskiner,
284,3,Tillverkning av maskiner för metallbearbetning och verktygsmaskiner,
2841,4,Tillverkning av maskiner för metallbearbetning och verktygsmaskiner för bearbetning av metall,
28410,5,Tillverkning av maskiner för metallbearbetning och verktygsmaskiner för bearbetning av metall,
2842,4,Tillverkning av andra verktygsmaskiner,
28420,5,Tillverkning av andra verktygsmaskiner,
289,3,Tillverkning av andra specialmaskiner,
2891,4,Tillverkning av maskiner för metallurgi,
28910,5,Tillverkning av maskiner för metallurgi,
2892,4,"Tillverkning av gruv-, bergbrytnings- och byggmaskiner",
28920,5,"Tillverkning av gruv-, bergbrytnings- och byggmaskiner",
2893,4,"Tillverkning av maskiner för framställning av livsmedel, drycker och tobaksvaror",
28930,5,"Tillverkning av maskiner för framställning av livsmedel, drycker och tobaksvaror",
2894,4,"Tillverkning av maskiner för produktion av textil-, beklädnads- och lädervaror",
28940,5,"Tillverkning av maskiner för produktion av textil-, beklädnads- och lädervaror",
2895,4,"Tillverkning av maskiner för produktion av massa, papper och papp",
28950,5,"Tillverkning av maskiner för produktion av massa, papper och papp",
2896,4,Tillverkning av maskiner för gummi och plast,
28960,5,Tillverkning av maskiner för gummi och plast,
2897,4,Tillverkning av maskiner för additiv tillverkning,
28970,5,Tillverkning av maskiner för additiv tillverkning,
2899,4,Tillverkning av diverse övriga specialmaskiner,
28990,5,Tillverkning av diverse övriga specialmaskiner,
29,2,"Tillverkning av motorfordon, släpfordon och påhängsvagnar",
291,3,Motorfordonstillverkning,
2910,4,Motorfordonstillverkning,
29100,5,Motorfordonstillverkning,
292,3,Tillverkning av karosserier för motorfordon; tillverkning av släpfordon och påhängsvagnar,
2920,4,Tillverkning av karosserier för motorfordon; tillverkning av släpfordon och påhängsvagnar,
29200,5,Tillverkning av karosserier för motorfordon; tillverkning av släpfordon och påhängsvagnar,
293,3,Tillverkning av reservdelar och tillbehör till motorfordon,
2931,4,Tillverkning av elektrisk och elektronisk utrustning för motorfordon,
29310,5,Tillverkning av elektrisk och elektronisk utrustning för motorfordon,
2932,4,Tillverkning av andra delar och tillbehör till motorfordon,
29320,5,Tillverkning av andra delar och tillbehör till motorfordon,
30,2,Tillverkning av andra transportmedel,
301,3,Skepps- och båtbyggeri,
3011,4,Byggande av civila fartyg och flytande materiel,
30110,5,Byggande av civila fartyg och flytande materiel,
3012,4,Byggande av fritidsbåtar,
30120,5,Byggande av fritidsbåtar,
3013,4,Byggande av militära skepp och fartyg,
30130,5,Byggande av militära skepp och fartyg,
302,3,Tillverkning av rälsfordon,
3020,4,Tillverkning av rälsfordon,
30200,5,Tillverkning av rälsfordon,
303,3,"Tillverkning av luftfartyg, rymdfarkoster o.d.",
3031,4,"Tillverkning av civila luftfartyg, rymdfarkoster o.d.",
30310,5,"Tillverkning av civila luftfartyg, rymdfarkoster o.d.",
3032,4,"Tillverkning av militära luftfartyg, rymdfarkoster o.d.",
30320,5,"Tillverkning av militära luftfartyg, rymdfarkoster o.d.",
304,3,Tillverkning av militära stridsfordon,
3040,4,Tillverkning av militära stridsfordon,
30400,5,Tillverkning av militära stridsfordon,
309,3,Övrig tillverkning av transportmedel,
3091,4,Tillverkning av motorcyklar,
30910,5,Tillverkning av motorcyklar,
3092,4,"Tillverkning av cyklar, rullstolar o.d.",
30920,5,"Tillverkning av cyklar, rullstolar o.d.",
3099,4,Diverse övrig transportmedelstillverkning,
30990,5,Diverse övrig transportmedelstillverkning,
31,2,Tillverkning av möbler,
310,3,Tillverkning av möbler,
3100,4,Tillverkning av möbler,
31000,5,Tillverkning av möbler,
32,2,Annan tillverkning,
321,3,"Tillverkning av smycken, guld- och silversmedsvaror samt bijouterier",
3211,4,Prägling av mynt,
32110,5,Prägling av mynt,
3212,4,"Tillverkning av smycken, guld- och silversmedsvaror",
32120,5,"Tillverkning av smycken, guld- och silversmedsvaror",
3213,4,Tillverkning av bijouterier o.d.,
32130,5,Tillverkning av bijouterier o.d.,
322,3,Tillverkning av musikinstrument,
3220,4,Tillverkning av musikinstrument,
32200,5,Tillverkning av musikinstrument,
323,3,Tillverkning av sportartiklar,
3230,4,Tillverkning av sportartiklar,
32300,5,Tillverkning av sportartiklar,
324,3,Tillverkning av spel och leksaker,
3240,4,Tillverkning av spel och leksaker,
32400,5,Tillverkning av spel och leksaker,
325,3,Tillverkning av medicinsk och dental utrustning,
3250,4,Tillverkning av medicinsk och dental utrustning,
32501,5,Tillverkning av tandproteser och tandimplantat,
32502,5,Övrig tillverkning av medicinsk och dental utrustning,
329,3,Övrig tillverkning,
3291,4,Tillverkning av borstbinderiarbeten,
32910,5,Tillverkning av borstbinderiarbeten,
3299,4,Diverse övrig tillverkning,
32991,5,Tillverkning av skyddsutrustning,
32999,5,Övrig tillverkning av diverse produkter som inte klassificerats på annat håll,
33,2,"Reparation, underhåll och installation av maskiner och utrustning",
331,3,"Reparation och underhåll av metallvaror, maskiner och apparater",
3311,4,Reparation och underhåll av metallvaror,
33110,5,Reparation och underhåll av metallvaror,
3312,4,Reparation och underhåll av maskiner,
33121,5,Reparation av maskiner för allmänt bruk,
33122,5,Reparation och underhåll av jord- och skogsbruksmaskiner,
33123,5,Reparation och underhåll av metallverktygsmaskiner och andra verktygsmaskiner,
33129,5,Övrig reparation och övrigt underhåll av specialmaskiner,
3313,4,Reparation och underhåll av elektronisk och optisk utrustning,
33130,5,Reparation och underhåll av elektronisk och optisk utrustning,
3314,4,Reparation och underhåll av elapparatur,
33140,5,Reparation och underhåll av elapparatur,
3315,4,Reparation och underhåll av civila fartyg och båtar,
33150,5,Reparation och underhåll av civila fartyg och båtar,
3316,4,Reparation och underhåll av civila luftfartyg och rymdfarkoster,
33160,5,Reparation och underhåll av civila luftfartyg och rymdfarkoster,
3317,4,Reparation och underhåll av andra civila transportmedel,
33170,5,Reparation och underhåll av andra civila transportmedel,
3318,4,"Reparation och underhåll av militära stridsfordon, skepp, båtar, luftfartyg och rymdfarkoster",
33180,5,"Reparation och underhåll av militära stridsfordon, skepp, båtar, luftfartyg och rymdfarkoster",
3319,4,Reparation och underhåll av annan utrustning,
33190,5,Reparation och underhåll av annan utrustning,
332,3,Installation av industrimaskiner och -utrustning,
3320,4,Installation av industrimaskiner och -utrustning,
33200,5,Installation av industrimaskiner och -utrustning,
D,1,"Försörjning av el, gas, värme och kyla",
35,2,"El-, gas- och ångförsörjning samt luftkonditionering",
351,3,"Generering, överföring och distribution av elkraft",
3511,4,Generering av elektricitet från icke-förnybara energikällor,
35110,5,Generering av elektricitet från icke-förnybara energikällor,
3512,4,Generering av elektricitet från förnybara energikällor,
35121,5,Produktion av elektricitet med vattenkraft,
35122,5,Produktion av elektricitet med vindkraft,
35129,5,Övrig generering av elektricitet från förnybara energikällor,
3513,4,Överföring av elektricitet,
35130,5,Överföring av elektricitet,
3514,4,Distribution av elektricitet,
35140,5,Distribution av elektricitet,
3515,4,Handel med elektricitet,
35150,5,Handel med elektricitet,
3516,4,Lagring av elektricitet,
35160,5,Lagring av elektricitet,
352,3,Framställning av gas och distribution av gasformiga bränslen via rörnät,
3521,4,Framställning av gas,
35210,5,Framställning av gas,
3522,4,Distribution av gasformiga bränslen via rörnät,
35220,5,Distribution av gasformiga bränslen via rörnät,
3523,4,Handel med gas via rörnät,
35230,5,Handel med gas via rörnät,
3524,4,Lagring av gas som en del i nätförsörjningstjänster,
35240,5,Lagring av gas som en del i nätförsörjningstjänster,
353,3,Försörjning av värme och kyla,
3530,4,Försörjning av värme och kyla,
35300,5,Försörjning av värme och kyla,
354,3,Mäklare och agenter för el och naturgas,
3540,4,Mäklare och agenter för el och naturgas,
35400,5,Mäklare och agenter för el och naturgas,
E,1,"Vattenförsörjning; avloppsrening, avfallshantering och sanering",
36,2,Vattenförsörjning,
360,3,Vattenförsörjning,
3600,4,Vattenförsörjning,
36000,5,Vattenförsörjning,
37,2,Avloppsrening,
370,3,Avloppsrening,
3700,4,Avloppsrening,
37000,5,Avloppsrening,
38,2,"Insamling av avfall, återvinning och bortskaffande",
381,3,Insamling av avfall,
3811,4,Insamling av icke-farligt avfall,
38110,5,Insamling av icke-farligt avfall,
3812,4,Insamling av farligt avfall,
38120,5,Insamling av farligt avfall,
382,3,Återvinning av avfall,
3821,4,Materialåtervinning,
38210,5,Materialåtervinning,
3822,4,Energiåtervinning,
38220,5,Energiåtervinning,
3823,4,Annan återvinning av avfall,
38230,5,Annan återvinning av avfall,
383,3,Bortskaffande av avfall utan återvinning,
3831,4,Förbränning utan energiåtervinning,
38310,5,Förbränning utan energiåtervinning,
3832,4,Deponering eller slutförvaring,
38320,5,Deponering eller slutförvaring,
3833,4,Annat bortskaffande av avfall,
38330,5,Annat bortskaffande av avfall,
39,2,"Sanering, efterbehandling av jord och vatten samt annan verksamhet för föroreningsbekämpning",
390,3,"Sanering, efterbehandling av jord och vatten samt annan verksamhet för föroreningsbekämpning",
3900,4,"Sanering, efterbehandling av jord och vatten samt annan verksamhet för föroreningsbekämpning",
39000,5,"Sanering, efterbehandling av jord och vatten samt annan verksamhet för föroreningsbekämpning",
F,1,Byggverksamhet,
41,2,Byggande av bostadshus och andra byggnader,
410,3,Byggande av bostadshus och andra byggnader,
4100,4,Byggande av bostadshus och andra byggnader,
41000,5,Byggande av bostadshus och andra byggnader,
42,2,Anläggningsarbeten,
421,3,Anläggning av vägar och järnvägar,
4211,4,Anläggning av vägar och motorvägar,
42110,5,Anläggning av vägar och motorvägar,
4212,4,Anläggning av järnvägar och tunnelbanor,
42120,5,Anläggning av järnvägar och tunnelbanor,
4213,4,Anläggning av broar och tunnlar,
42130,5,Anläggning av broar och tunnlar,
422,3,Allmännyttiga anläggningsarbeten,
4221,4,"Allmännyttiga anläggningsarbeten för värme, vatten och avlopp",
42210,5,"Allmännyttiga anläggningsarbeten för värme, vatten och avlopp",
4222,4,Anläggningsarbeten för el och telekommunikation,
42220,5,Anläggningsarbeten för el och telekommunikation,
429,3,Andra anläggningsarbeten,
4291,4,Vattenbyggnad,
42910,5,Vattenbyggnad,
4299,4,Diverse övriga anläggningsarbeten,
42990,5,Diverse övriga anläggningsarbeten,
43,2,Specialiserad bygg- och anläggningsverksamhet,
431,3,Rivning av hus samt mark- och grundarbeten,
4311,4,Rivning av hus och byggnader,
43110,5,Rivning av hus och byggnader,
4312,4,Mark- och grundarbeten,
43120,5,Mark- och grundarbeten,
4313,4,Markundersökning,
43130,5,Markundersökning,
432,3,"Elinstallationer, VVS-arbeten och andra bygginstallationer",
4321,4,Elinstallationer,
43210,5,Elinstallationer,
4322,4,VVS-arbeten,
43220,5,VVS-arbeten,
4323,4,Installation av isolering,
43230,5,Installation av isolering,
4324,4,Andra bygginstallationer,
43241,5,Installation av hissar och rulltrappor,
43249,5,Övriga bygginstallationer som inte klassificerats på annat håll,
433,3,Slutbehandling av byggnader,
4331,4,"Puts-, fasad- och stuckatörsarbeten",
43310,5,"Puts-, fasad- och stuckatörsarbeten",
4332,4,Byggnadssnickeriarbeten,
43320,5,Byggnadssnickeriarbeten,
4333,4,Golv- och väggbeläggningsarbeten,
43330,5,Golv- och väggbeläggningsarbeten,
4334,4,Måleri- och glasmästeriarbeten,
43341,5,Måleriarbeten,
43342,5,Glasmästeriarbeten,
4335,4,Annan slutbehandling av byggnader,
43350,5,Annan slutbehandling av byggnader,
434,3,Specialiserad bygg- och anläggningsverksamhet i samband med byggande av hus,
4341,4,Takarbeten,
43410,5,Takarbeten,
4342,4,Annan specialiserad bygg- och anläggningsverksamhet i samband med byggande av hus,
43420,5,Annan specialiserad bygg- och anläggningsverksamhet i samband med byggande av hus,
435,3,Specialiserad bygg- och anläggningsverksamhet i samband med anläggningsarbeten,
4350,4,Specialiserad bygg- och anläggningsverksamhet i samband med anläggningsarbeten,
43500,5,Specialiserad bygg- och anläggningsverksamhet i samband med anläggningsarbeten,
436,3,Förmedling avseende specialiserad bygg- och anläggningsverksamhet,
4360,4,Förmedling avseende specialiserad bygg- och anläggningsverksamhet,
43600,5,Förmedling avseende specialiserad bygg- och anläggningsverksamhet,
439,3,Annan specialiserad bygg- och anläggningsverksamhet,
4391,4,Murarbeten,
43910,5,Murarbeten,
4399,4,Diverse övrig specialiserad bygg- och anläggningsverksamhet,
43991,5,Uthyrning av byggmaskiner med förare,
43999,5,Övrig diverse specialiserad bygg- och anläggningsverksamhet som inte klassificerats på annat håll,
G,1,Handel,
46,2,Parti- och provisionshandel,
461,3,Provisionshandel,
4611,4,"Provisionshandel med jordbruksråvaror, levande djur, textilråvaror och textilhalvfabrikat",
46110,5,"Provisionshandel med jordbruksråvaror, levande djur, textilråvaror och textilhalvfabrikat",
4612,4,"Provisionshandel med bränsle, malm, metaller och industrikemikalier",
46120,5,"Provisionshandel med bränsle, malm, metaller och industrikemikalier",
4613,4,Provisionshandel med virke och byggmaterial,
46130,5,Provisionshandel med virke och byggmaterial,
4614,4,"Provisionshandel med maskiner, industriell utrustning, fartyg och luftfartyg",
46140,5,"Provisionshandel med maskiner, industriell utrustning, fartyg och luftfartyg",
4615,4,"Provisionshandel med möbler, hushålls- och järnhandelsvaror",
46150,5,"Provisionshandel med möbler, hushålls- och järnhandelsvaror",
4616,4,"Provisionshandel med textilier, kläder, pälsvaror, skodon och lädervaror",
46160,5,"Provisionshandel med textilier, kläder, pälsvaror, skodon och lädervaror",
4617,4,"Provisionshandel med livsmedel, drycker och tobak",
46170,5,"Provisionshandel med livsmedel, drycker och tobak",
4618,4,Provisionshandel med annat specialsortiment,
46180,5,Provisionshandel med annat specialsortiment,
4619,4,Icke-specialiserad provisionshandel,
46190,5,Icke-specialiserad provisionshandel,
462,3,Partihandel med jordbruksråvaror och levande djur,
4621,4,"Partihandel med spannmål, råtobak, utsäde och djurfoder",
46210,5,"Partihandel med spannmål, råtobak, utsäde och djurfoder",
4622,4,Partihandel med blommor och växter,
46220,5,Partihandel med blommor och växter,
4623,4,Partihandel med levande djur,
46230,5,Partihandel med levande djur,
4624,4,"Partihandel med hudar, skinn och läder",
46240,5,"Partihandel med hudar, skinn och läder",
463,3,"Partihandel med livsmedel, drycker och tobak",
4631,4,Partihandel med frukt och grönsaker,
46310,5,Partihandel med frukt och grönsaker,
4632,4,"Partihandel med kött, köttprodukter, fisk och fiskprodukter",
46321,5,Partihandel med kött och köttprodukter,
46322,5,Partihandel med fisk och fiskprodukter,
4633,4,"Partihandel med mejeriprodukter, ägg, matolja och matfett",
46330,5,"Partihandel med mejeriprodukter, ägg, matolja och matfett",
4634,4,Partihandel med drycker,
46340,5,Partihandel med drycker,
4635,4,Partihandel med tobak,
46350,5,Partihandel med tobak,
4636,4,"Partihandel med socker, choklad- och sockerkonfektyrer",
46360,5,"Partihandel med socker, choklad- och sockerkonfektyrer",
4637,4,"Partihandel med kaffe, te, kakao och kryddor",
46370,5,"Partihandel med kaffe, te, kakao och kryddor",
4638,4,Partihandel med andra livsmedel,
46381,5,Partihandel med naturprodukter,
46389,5,Övrig partihandel med livsmedel som inte klassificerats på annat håll,
4639,4,"Icke-specialiserad partihandel med livsmedel, drycker och tobak",
46390,5,"Icke-specialiserad partihandel med livsmedel, drycker och tobak",
464,3,Partihandel med hushållsvaror,
4641,4,Partihandel med textilier,
46411,5,Partihandel med tyger och garner,
46412,5,Övrig partihandel med textilier,
4642,4,Partihandel med kläder och skodon,
46421,5,Partihandel med kläder,
46422,5,Partihandel med skodon,
4643,4,Partihandel med hushållsapparater och elartiklar,
46431,5,Partihandel med hemelektronik,
46439,5,Övrig partihandel med hushållsapparater och elartiklar,
4644,4,Partihandel med glas och porslin samt rengöringsmedel,
46441,5,Partihandel med glas och porslin,
46442,5,Partihandel med rengöringsmedel,
4645,4,Partihandel med parfym och kosmetika,
46450,5,Partihandel med parfym och kosmetika,
4646,4,Partihandel med medicinsk utrustning och apoteksvaror,
46461,5,Partihandel med farmaceutiska varor,
46462,5,Partihandel med medicinska artiklar,
4647,4,"Partihandel med hushållsvaror, kontors- och butiksmöbler, mattor och belysningsartiklar",
46470,5,"Partihandel med hushållsvaror, kontors- och butiksmöbler, mattor och belysningsartiklar",
4648,4,Partihandel med ur och guldsmedsvaror,
46480,5,Partihandel med ur och guldsmedsvaror,
4649,4,Partihandel med andra hushållsvaror,
46491,5,Partihandel med pappersartiklar,
46492,5,Partihandel med sportartiklar,
46493,5,Partihandel med båtar,
46494,5,Övrig specialiserad partihandel med hobbyredskap,
46499,5,Partihandel med andra hushållsvaror som inte klassificerats på annat håll,
465,3,Partihandel med informations- och kommunikationsutrustning,
4650,4,Partihandel med informations- och kommunikationsutrustning,
46500,5,Partihandel med informations- och kommunikationsutrustning,
466,3,Partihandel med andra maskiner och annan utrustning,
4661,4,Partihandel med jordbruksmaskiner och jordbruksutrustning,
46610,5,Partihandel med jordbruksmaskiner och jordbruksutrustning,
4662,4,Partihandel med verktygsmaskiner,
46620,5,Partihandel med verktygsmaskiner,
4663,4,"Partihandel med gruv-, bygg- och anläggningsmaskiner",
46630,5,"Partihandel med gruv-, bygg- och anläggningsmaskiner",
4664,4,Partihandel med andra maskiner och annan utrustning,
46641,5,Partihandel med elartiklar,
46642,5,Övrig partihandel med maskiner för industriellt bruk,
46649,5,Övrig partihandel med maskiner och annan utrustning som inte klassificerats på annat håll,
467,3,Partihandel med motorfordon och motorcyklar inklusive reservdelar och tillbehör,
4671,4,Partihandel med motorfordon,
46711,5,Partihandel med bilar och lätta motorfordon,
46712,5,Partihandel med lastbilar och andra tunga motorfordon,
4672,4,Partihandel med reservdelar och tillbehör till motorfordon,
46721,5,Partihandel med däck till motorfordon,
46722,5,Övrig partihandel med reservdelar och tillbehör till motorfordon,
4673,4,"Partihandel med motorcyklar, reservdelar och tillbehör till motorcyklar",
46730,5,"Partihandel med motorcyklar, reservdelar och tillbehör till motorcyklar",
468,3,Annan specialiserad partihandel,
4681,4,Partihandel med bränslen,
46810,5,Partihandel med bränslen,
4682,4,Partihandel med metaller och metallmalmer,
46820,5,Partihandel med metaller och metallmalmer,
4683,4,"Partihandel med virke, andra byggmaterial och sanitetsgods",
46831,5,Partihandel med byggmaterial utan specialisering på en viss produktgrupp,
46832,5,Partihandel med virke,
46833,5,Partihandel med byggmaterial av metall,
46839,5,Specialiserad partihandel med sanitetsgods och övriga byggmaterial,
4684,4,Partihandel med järnhandelsvaror och VVS-armatur,
46841,5,Partihandel med järnhandelsvaror,
46842,5,Partihandel med VVS-armatur,
4685,4,Partihandel med kemiska produkter,
46850,5,Partihandel med kemiska produkter,
4686,4,Partihandel med andra insatsvaror,
46860,5,Partihandel med andra insatsvaror,
4687,4,Partihandel med avfallsprodukter och skrot,
46870,5,Partihandel med avfallsprodukter och skrot,
4689,4,Diverse övrig specialiserad partihandel,
46890,5,Diverse övrig specialiserad partihandel,
469,3,Icke-specialiserad partihandel,
4690,4,Icke-specialiserad partihandel,
46900,5,Icke-specialiserad partihandel,
47,2,Detaljhandel,
471,3,Detaljhandel med brett sortiment,
4711,4,"Detaljhandel med brett sortiment, mest livsmedel, drycker och tobak",
47110,5,"Detaljhandel med brett sortiment, mest livsmedel, drycker och tobak",
4712,4,Annan detaljhandel med brett sortiment,
47120,5,Annan detaljhandel med brett sortiment,
472,3,"Detaljhandel med livsmedel, drycker och tobak",
4721,4,Detaljhandel med frukt och grönsaker,
47210,5,Detaljhandel med frukt och grönsaker,
4722,4,Detaljhandel med kött och charkuterier,
47220,5,Detaljhandel med kött och charkuterier,
4723,4,"Detaljhandel med fisk, skal- och blötdjur",
47230,5,"Detaljhandel med fisk, skal- och blötdjur",
4724,4,"Detaljhandel med bröd, konditorivaror och konfektyrer",
47240,5,"Detaljhandel med bröd, konditorivaror och konfektyrer",
4725,4,Detaljhandel med drycker,
47250,5,Detaljhandel med drycker,
4726,4,Detaljhandel med tobaksvaror,
47260,5,Detaljhandel med tobaksvaror,
4727,4,Detaljhandel med andra livsmedel,
47271,5,Detaljhandel med naturprodukter,
47279,5,Övrig detaljhandel med livsmedel som inte klassificerats på annat håll,
473,3,Detaljhandel med drivmedel,
4730,4,Detaljhandel med drivmedel,
47300,5,Detaljhandel med drivmedel,
474,3,Detaljhandel med informations- och kommunikationsutrustning,
4740,4,Detaljhandel med informations- och kommunikationsutrustning,
47400,5,Detaljhandel med informations- och kommunikationsutrustning,
475,3,Detaljhandel med heminredningsartiklar och husgeråd,
4751,4,Detaljhandel med textilier,
47511,5,Detaljhandel med tyger,
47512,5,Specialiserad detaljhandel med garner och handarbetstillbehör,
4752,4,Detaljhandel med bygg- och järnvaror samt färg och glas,
47521,5,Detaljhandel med bygg- och järnvaror utan specialisering på en viss produktgrupp,
47522,5,Detaljhandel med målarfärg,
47523,5,Detaljhandel med köksinredningar och sanitetsgods,
47529,5,Övrig specialiserad detaljhandel med bygg- och järnvaror samt glas,
4753,4,Detaljhandel med mattor och inredningstextilier,
47531,5,Detaljhandel med mattor och gardiner,
47532,5,Detaljhandel med vägg- och golvbeläggningar,
4754,4,Detaljhandel med elektriska hushållsmaskiner och hushållsapparater,
47540,5,Detaljhandel med elektriska hushållsmaskiner och hushållsapparater,
4755,4,"Detaljhandel med möbler, belysningsartiklar, bordsartiklar och hushållsartiklar",
47551,5,Detaljhandel med möbler,
47552,5,Detaljhandel med belysningsartiklar,
47553,5,Detaljhandel med småbarnsutrustning,
47554,5,"Detaljhandel med bestick, kärl och hushållsartiklar av gummi och plast",
47555,5,"Övrig detaljhandel med bestick, kärl och hushållsartiklar",
476,3,Detaljhandel med kultur- och fritidsartiklar,
4761,4,Detaljhandel med böcker,
47610,5,Detaljhandel med böcker,
4762,4,"Detaljhandel med tidningar, tidskrifter och kontorsförbrukningsvaror",
47620,5,"Detaljhandel med tidningar, tidskrifter och kontorsförbrukningsvaror",
4763,4,Detaljhandel med sport- och fritidsartiklar,
47631,5,Detaljhandel med båtar och båttillbehör,
47632,5,Detaljhandel med cyklar och övriga sport- och fritidsartiklar,
4764,4,Detaljhandel med spel och leksaker,
47640,5,Detaljhandel med spel och leksaker,
4769,4,Detaljhandel med övriga kultur- och fritidsartiklar,
47691,5,Konstaffärer,
47699,5,Övrig detaljhandel med kultur- och fritidsartiklar som inte klassificerats på annat håll,
477,3,Detaljhandel med andra hushållsvaror,
4771,4,Detaljhandel med kläder,
47711,5,Specialiserad detaljhandel med kläder,
47712,5,Detaljhandel med kläder utan specialisering på en viss produktgrupp,
4772,4,Detaljhandel med skodon och lädervaror,
47721,5,Detaljhandel med skodon,
47722,5,Detaljhandel med lädervaror,
4773,4,Detaljhandel med apoteksvaror,
47730,5,Detaljhandel med apoteksvaror,
4774,4,Detaljhandel med medicinska och ortopediska artiklar,
47741,5,Detaljhandel med optiska medicinska artiklar,
47742,5,Övrig detaljhandel med medicinska och ortopediska artiklar,
4775,4,Detaljhandel med kosmetika och hygienartiklar,
47750,5,Detaljhandel med kosmetika och hygienartiklar,
4776,4,"Detaljhandel med blommor och andra växter, gödselmedel samt små sällskapsdjur och sällskapsdjursfoder",
47761,5,Detaljhandel med blommor och prydnadsväxter,
47762,5,Övrig detaljhandel med växter och gödselmedel,
47763,5,Detaljhandel med sällskapsdjur och sällskapsdjursfoder,
4777,4,"Detaljhandel med ur, guldsmedsvaror och smycken",
47770,5,"Detaljhandel med ur, guldsmedsvaror och smycken",
4778,4,Detaljhandel med andra nya varor,
47781,5,Detaljhandel med fotografisk utrustning,
47782,5,Övrig detaljhandel med nya varor som inte klassificerats på annat håll,
4779,4,Detaljhandel med antikviteter och andra begagnade varor,
47791,5,Detaljhandel med antikviteter,
47792,5,Detaljhandel med gamla och begagnade böcker,
47793,5,Detaljhandel med begagnade kläder och accessoarer,
47799,5,Övrig detaljhandel med begagnade varor,
478,3,Detaljhandel med motorfordon och motorcyklar inklusive reservdelar och tillbehör,
4781,4,Detaljhandel med motorfordon,
47811,5,Detaljhandel med bilar och lätta motorfordon,
47812,5,Detaljhandel med husvagnar och övriga motorfordon,
4782,4,Detaljhandel med reservdelar och tillbehör till motorfordon,
47821,5,Detaljhandel med däck till motorfordon,
47822,5,Övrig detaljhandel med reservdelar och tillbehör till motorfordon,
4783,4,"Detaljhandel med motorcyklar, reservdelar och tillbehör till motorcyklar",
47830,5,"Detaljhandel med motorcyklar, reservdelar och tillbehör till motorcyklar",
479,3,Förmedling avseende detaljhandel,
4791,4,Förmedling avseende icke-specialiserad detaljhandel,
47910,5,Förmedling avseende icke-specialiserad detaljhandel,
4792,4,Förmedling avseende specialiserad detaljhandel,
47920,5,Förmedling avseende specialiserad detaljhandel,
H,1,Transport och magasinering,
49,2,Landtransport; transport i rörsystem,
491,3,"Järnvägstransport, passagerartrafik",
4911,4,"Tung järnvägstransport, passagerartrafik",
49110,5,"Tung järnvägstransport, passagerartrafik",
4912,4,"Annan järnvägstransport, passagerartrafik",
49120,5,"Annan järnvägstransport, passagerartrafik",
492,3,"Järnvägstransport, godstrafik",
4920,4,"Järnvägstransport, godstrafik",
49200,5,"Järnvägstransport, godstrafik",
493,3,"Annan landtransport, passagerartrafik",
4931,4,"Reguljär vägtransport, passagerartrafik",
49310,5,"Reguljär vägtransport, passagerartrafik",
4932,4,"Icke-reguljär vägtransport, passagerartrafik",
49320,5,"Icke-reguljär vägtransport, passagerartrafik",
4933,4,"Passagerartrafik på beställning, fordon med förare",
49330,5,"Passagerartrafik på beställning, fordon med förare",
4934,4,"Kabinbanor och skidliftar, passagerartrafik",
49340,5,"Kabinbanor och skidliftar, passagerartrafik",
4939,4,Diverse övrig landtransport av passagerare,
49390,5,Diverse övrig landtransport av passagerare,
494,3,"Vägtransport, godstrafik och flyttjänster",
4941,4,"Vägtransport, godstrafik",
49410,5,"Vägtransport, godstrafik",
4942,4,Flyttjänster,
49420,5,Flyttjänster,
495,3,Transport i rörsystem,
4950,4,Transport i rörsystem,
49500,5,Transport i rörsystem,
50,2,Sjötransport,
501,3,"Havs- och kustsjöfart, passagerartrafik",
5010,4,"Havs- och kustsjöfart, passagerartrafik",
50101,5,"Havssjöfart, passagerartrafik",
50102,5,"Kustsjöfart, passagerartrafik",
502,3,"Havs- och kustsjöfart, godstrafik",
5020,4,"Havs- och kustsjöfart, godstrafik",
50200,5,"Havs- och kustsjöfart, godstrafik",
503,3,"Sjöfart på inre vattenvägar, passagerartrafik",
5030,4,"Sjöfart på inre vattenvägar, passagerartrafik",
50300,5,"Sjöfart på inre vattenvägar, passagerartrafik",
504,3,"Sjöfart på inre vattenvägar, godstrafik",
5040,4,"Sjöfart på inre vattenvägar, godstrafik",
50400,5,"Sjöfart på inre vattenvägar, godstrafik",
51,2,Lufttransport,
511,3,"Lufttransport, passagerartrafik",
5110,4,"Lufttransport, passagerartrafik",
51101,5,"Reguljär lufttransport, passagerartrafik",
51102,5,"Charterlufttransport, passagerartrafik",
512,3,"Lufttransport, godstrafik och rymdfart",
5121,4,"Lufttransport, godstrafik",
51210,5,"Lufttransport, godstrafik",
5122,4,Rymdfart,
51220,5,Rymdfart,
52,2,"Magasinering, varulagring och stödverksamhet avseende transport",
521,3,Magasinering och varulagring,
5210,4,Magasinering och varulagring,
52100,5,Magasinering och varulagring,
522,3,Stödverksamhet avseende transport,
5221,4,Stödverksamhet avseende landtransport,
52211,5,Terminalverksamhet för godstrafik,
52212,5,Avgiftsbelagd parkering,
52219,5,Övrig stödverksamhet avseende landtransport,
5222,4,Stödverksamhet avseende sjötransport,
52221,5,Hamnverksamhet,
52229,5,Övrig stödverksamhet avseende sjötransport,
5223,4,Stödverksamhet avseende lufttransport,
52230,5,Stödverksamhet avseende lufttransport,
5224,4,Godshantering,
52240,5,Godshantering,
5225,4,Logistikverksamhet,
52250,5,Logistikverksamhet,
5226,4,Annan stödverksamhet avseende transport,
52260,5,Annan stödverksamhet avseende transport,
523,3,Förmedling avseende transport,
5231,4,Förmedling avseende godstransport,
52310,5,Förmedling avseende godstransport,
5232,4,Förmedling avseende passagerartransport,
52320,5,Förmedling avseende passagerartransport,
53,2,Post- och kurirverksamhet,
531,3,Postbefordran via nationella posten,
5310,4,Postbefordran via nationella posten,
53100,5,Postbefordran via nationella posten,
532,3,Annan postbefordran samt kurirverksamhet,
5320,4,Annan postbefordran samt kurirverksamhet,
53200,5,Annan postbefordran samt kurirverksamhet,
533,3,Förmedling avseende postbefordran samt kurirverksamhet,
5330,4,Förmedling avseende postbefordran samt kurirverksamhet,
53300,5,Förmedling avseende postbefordran samt kurirverksamhet,
I,1,Hotell- och restaurangverksamhet,
55,2,Hotell- och logiverksamhet,
551,3,Hotellverksamhet,
5510,4,Hotellverksamhet,
55100,5,Hotellverksamhet,
552,3,Semesterbostäder och annan korttidsinkvartering,
5520,4,Semesterbostäder och annan korttidsinkvartering,
55201,5,Vandrarhem,
55202,5,Korttidsinkvartering i lägenheter och rum,
55203,5,Korttidsinkvartering i semesterstugor,
553,3,Campingplatsverksamhet,
5530,4,Campingplatsverksamhet,
55300,5,Campingplatsverksamhet,
554,3,Förmedling avseende hotell- och logiverksamhet,
5540,4,Förmedling avseende hotell- och logiverksamhet,
55400,5,Förmedling avseende hotell- och logiverksamhet,
559,3,Annan logiverksamhet,
5590,4,Annan logiverksamhet,
55900,5,Annan logiverksamhet,
56,2,"Restaurang-, catering- och barverksamhet",
561,3,Restaurangverksamhet och mobil restaurangverksamhet,
5611,4,Restaurangverksamhet,
56111,5,Matrestauranger,
56112,5,Snabbmatsrestauranger och matkiosker,
5612,4,Mobil restaurangverksamhet,
56120,5,Mobil restaurangverksamhet,
562,3,"Cateringverksamhet vid enskilda evenemang, kontrakterad cateringverksamhet och annan restaurangverksamhet",
5621,4,Cateringverksamhet vid enskilda evenemang,
56210,5,Cateringverksamhet vid enskilda evenemang,
5622,4,Kontrakterad cateringverksamhet och annan restaurangverksamhet,
56220,5,Kontrakterad cateringverksamhet och annan restaurangverksamhet,
563,3,Barverksamhet,
5630,4,Barverksamhet,
56301,5,Öl- och drinkbarer,
56302,5,Kaféer och kaffebarer,
564,3,"Förmedling avseende restaurang-, catering- och barverksamhet",
5640,4,"Förmedling avseende restaurang-, catering- och barverksamhet",
56400,5,"Förmedling avseende restaurang-, catering- och barverksamhet",
J,1,"Förlagsverksamhet, radio- och tv-sändning samt produktion och distribution av medieinnehåll",
58,2,Förlagsverksamhet,
581,3,"Utgivning av böcker och tidningar samt annan förlagsverksamhet, utom utgivning av programvara",
5811,4,Utgivning av böcker,
58110,5,Utgivning av böcker,
5812,4,Utgivning av tidningar,
58120,5,Utgivning av tidningar,
5813,4,Utgivning av tidskrifter,
58131,5,Utgivning av lokaltidningar,
58132,5,Utgivning av andra tidskrifter,
5819,4,"Annan förlagsverksamhet, utom utgivning av programvara",
58190,5,"Annan förlagsverksamhet, utom utgivning av programvara",
582,3,Utgivning av programvara,
5821,4,Utgivning av datorspel,
58210,5,Utgivning av datorspel,
5829,4,Utgivning av annan programvara,
58290,5,Utgivning av annan programvara,
59,2,"Film-, video- och tv-programverksamhet, ljudinspelning och musikutgivning",
591,3,"Film-, video- och tv-programverksamhet",
5911,4,"Produktion av film, video och tv-program",
59110,5,"Produktion av film, video och tv-program",
5912,4,"Efterproduktion av film, video och tv-program",
59120,5,"Efterproduktion av film, video och tv-program",
5913,4,Film- och videodistribution,
59130,5,Film- och videodistribution,
5914,4,Filmvisning,
59140,5,Filmvisning,
592,3,Ljudinspelning och musikutgivning,
5920,4,Ljudinspelning och musikutgivning,
59200,5,Ljudinspelning och musikutgivning,
60,2,"Planering, radio- och tv-sändning, nyhetsbyråer och annan distribution av medieinnehåll",
601,3,Radiosändning och distribution av ljudinspelningar,
6010,4,Radiosändning och distribution av ljudinspelningar,
60100,5,Radiosändning och distribution av ljudinspelningar,
602,3,Planering och sändning av tv-program samt distribution av video,
6020,4,Planering och sändning av tv-program samt distribution av video,
60200,5,Planering och sändning av tv-program samt distribution av video,
603,3,Nyhetsförmedling och annan distribution av medieinnehåll,
6031,4,Nyhetsförmedling,
60310,5,Nyhetsförmedling,
6039,4,Annan distribution av medieinnehåll,
60390,5,Annan distribution av medieinnehåll,
K,1,"Telekommunikation, dataprogrammering, datakonsultverksamhet, datainfrastruktur och annan informationsverksamhet",
61,2,Telekommunikation,
611,3,Trådbunden och trådlös telekommunikation samt telekommunikation via satellit,
6110,4,Trådbunden och trådlös telekommunikation samt telekommunikation via satellit,
61100,5,Trådbunden och trådlös telekommunikation samt telekommunikation via satellit,
612,3,Återförsäljning och förmedling avseende telekommunikation,
6120,4,Återförsäljning och förmedling avseende telekommunikation,
61200,5,Återförsäljning och förmedling avseende telekommunikation,
619,3,Annan telekommunikation,
6190,4,Annan telekommunikation,
61900,5,Annan telekommunikation,
62,2,"Dataprogrammering, datakonsultverksamhet o.d.",
621,3,Dataprogrammering,
6210,4,Dataprogrammering,
62100,5,Dataprogrammering,
622,3,Datakonsultverksamhet och datordrift,
6220,4,Datakonsultverksamhet och datordrift,
62200,5,Datakonsultverksamhet och datordrift,
629,3,Annan it- och dataverksamhet,
6290,4,Annan it- och dataverksamhet,
62900,5,Annan it- och dataverksamhet,
63,2,"Datainfrastruktur, databehandling, hosting och annan informationsverksamhet",
631,3,"Datainfrastruktur, databehandling, hosting o.d.",
6310,4,"Datainfrastruktur, databehandling, hosting o.d.",
63100,5,"Datainfrastruktur, databehandling, hosting o.d.",
639,3,Webbportaler och annan informationsverksamhet,
6391,4,Webbportaler,
63910,5,Webbportaler,
6392,4,Övrig informationsverksamhet,
63920,5,Övrig informationsverksamhet,
L,1,Finansiell verksamhet och försäkringsverksamhet,
64,2,Finansiell verksamhet utom försäkrings- och pensionsfondsverksamhet,
641,3,Monetär finansförmedling,
6411,4,Centralbanksverksamhet,
64110,5,Centralbanksverksamhet,
6419,4,Annan monetär finansförmedling,
64190,5,Annan monetär finansförmedling,
642,3,Holding- och conduitverksamhet,
6421,4,Holdingverksamhet,
64210,5,Holdingverksamhet,
6422,4,Conduitverksamhet,
64220,5,Conduitverksamhet,
643,3,Fonder och liknande finansiella enheter,
6431,4,Penningmarknadsfonder och andra fonder än penningmarknadsfonder,
64310,5,Penningmarknadsfonder och andra fonder än penningmarknadsfonder,
6432,4,"Stiftelser, dödsbon och brevlådeföretag",
64320,5,"Stiftelser, dödsbon och brevlådeföretag",
649,3,Annan finansiell verksamhet utom försäkrings- och pensionsfondsverksamhet,
6491,4,Finansiell leasing,
64910,5,Finansiell leasing,
6492,4,Annan kreditgivning,
64920,5,Annan kreditgivning,
6499,4,Diverse övrig finansiell verksamhet utom försäkrings- och pensionsfondsverksamhet,
64990,5,Diverse övrig finansiell verksamhet utom försäkrings- och pensionsfondsverksamhet,
65,2,"Försäkrings-, återförsäkrings- och pensionsfondsverksamhet utom obligatorisk socialförsäkring",
651,3,Försäkring,
6511,4,Livförsäkring,
65110,5,Livförsäkring,
6512,4,Skadeförsäkring,
65121,5,Skadeförsäkringsbolag,
65129,5,Övrig skadeförsäkring,
652,3,Återförsäkring,
6520,4,Återförsäkring,
65200,5,Återförsäkring,
653,3,Pensionsfondsverksamhet,
6530,4,Pensionsfondsverksamhet,
65300,5,Pensionsfondsverksamhet,
66,2,Stödverksamhet avseende finansiella tjänster och försäkringsverksamhet,
661,3,Stödverksamhet avseende finansiella tjänster utom försäkrings- och pensionsfondsverksamhet,
6611,4,Administration avseende finansiella marknader,
66110,5,Administration avseende finansiella marknader,
6612,4,Verksamhet utförd av värdepappers- och varumäklare,
66120,5,Verksamhet utförd av värdepappers- och varumäklare,
6619,4,Annan stödverksamhet avseende finansiella tjänster utom försäkrings- och pensionsfondsverksamhet,
66190,5,Annan stödverksamhet avseende finansiella tjänster utom försäkrings- och pensionsfondsverksamhet,
662,3,Stödverksamhet avseende försäkrings- och pensionsfondsverksamhet,
6621,4,Risk- och skadebedömning,
66210,5,Risk- och skadebedömning,
6622,4,Verksamhet utförd av försäkringsombud och försäkringsmäklare,
66220,5,Verksamhet utförd av försäkringsombud och försäkringsmäklare,
6629,4,Övrig stödverksamhet avseende försäkrings- och pensionsfondsverksamhet,
66290,5,Övrig stödverksamhet avseende försäkrings- och pensionsfondsverksamhet,
663,3,Fondförvaltning,
6630,4,Fondförvaltning,
66300,5,Fondförvaltning,
M,1,Fastighetsverksamhet,
68,2,Fastighetsverksamhet,
681,3,Fastighetsverksamhet med egna fastigheter och utformning av byggprojekt,
6811,4,Handel med egna fastigheter,
68110,5,Handel med egna fastigheter,
6812,4,Utformning av byggprojekt,
68120,5,Utformning av byggprojekt,
682,3,Uthyrning och förvaltning av egna eller arrenderade fastigheter,
6820,4,Uthyrning och förvaltning av egna eller arrenderade fastigheter,
68201,5,Uthyrning av bostäder,
68202,5,Förvaltning av bostäder och bostadsfastigheter,
68203,5,Övrig uthyrning och förvaltning av fastigheter,
683,3,Fastighetsförmedling och fastighetsförvaltning på uppdrag,
6831,4,Förmedling avseende fastighetsverksamhet,
68310,5,Förmedling avseende fastighetsverksamhet,
6832,4,Annan fastighetsförmedling och fastighetsförvaltning på uppdrag,
68320,5,Annan fastighetsförmedling och fastighetsförvaltning på uppdrag,
N,1,"Verksamhet inom juridik, ekonomi, vetenskap och teknik",
69,2,Juridisk och ekonomisk konsultverksamhet,
691,3,Juridisk verksamhet,
6910,4,Juridisk verksamhet,
69101,5,Advokatbyråer,
69102,5,Juridiska byråer,
69103,5,Patentbyråer,
69109,5,Övrig juridisk verksamhet,
692,3,"Redovisning och bokföring, revision; skatterådgivning",
6920,4,"Redovisning och bokföring, revision; skatterådgivning",
69201,5,Redovisning och bokföring; skatterådgivning,
69202,5,Revisionstjänster,
70,2,Verksamheter som utövas av huvudkontor samt konsultverksamhet avseende företag,
701,3,Verksamheter som utövas av huvudkontor,
7010,4,Verksamheter som utövas av huvudkontor,
70100,5,Verksamheter som utövas av huvudkontor,
702,3,Konsultverksamhet avseende företags organisation,
7020,4,Konsultverksamhet avseende företags organisation,
70200,5,Konsultverksamhet avseende företags organisation,
71,2,Arkitekt- och teknisk konsultverksamhet; teknisk provning och analys,
711,3,Arkitekt- och teknisk konsultverksamhet o.d.,
7111,4,Arkitektverksamhet,
71110,5,Arkitektverksamhet,
7112,4,Teknisk konsultverksamhet o.d.,
71121,5,Samhällsplanering,
71122,5,Tekniska tjänster för anläggningsverksamhet,
71123,5,Konstruktionstekniska tjänster,
71124,5,VVS-teknisk planering,
71125,5,Elteknisk planering,
71126,5,Övrig byggteknisk verksamhet,
71127,5,Maskin- och processplanering,
71129,5,Övriga tekniska tjänster,
712,3,Teknisk provning och analys,
7120,4,Teknisk provning och analys,
71201,5,Bilbesiktning,
71202,5,Övrig teknisk provning och analys,
72,2,Vetenskaplig forskning och utveckling,
721,3,Naturvetenskaplig och teknisk forskning och utveckling,
7210,4,Naturvetenskaplig och teknisk forskning och utveckling,
72100,5,Naturvetenskaplig och teknisk forskning och utveckling,
722,3,Samhällsvetenskaplig och humanistisk forskning och utveckling,
7220,4,Samhällsvetenskaplig och humanistisk forskning och utveckling,
72200,5,Samhällsvetenskaplig och humanistisk forskning och utveckling,
73,2,"Reklamverksamhet, marknadsundersökningar och PR",
731,3,Reklamverksamhet,
7311,4,Reklambyråer,
73111,5,Direkt- och utomhusreklam,
73112,5,Övrig verksamhet vid reklambyråer,
7312,4,Mediebyråverksamhet och annonsförsäljning,
73120,5,Mediebyråverksamhet och annonsförsäljning,
732,3,Marknads- och opinionsundersökning,
7320,4,Marknads- och opinionsundersökning,
73200,5,Marknads- och opinionsundersökning,
733,3,PR och kommunikation,
7330,4,PR och kommunikation,
73300,5,PR och kommunikation,
74,2,"Annan verksamhet inom juridik, ekonomi, vetenskap och teknik",
741,3,Specialiserad designverksamhet,
7411,4,Industridesign och modedesign,
74110,5,Industridesign och modedesign,
7412,4,Grafisk design och visuell kommunikation,
74121,5,Grafisk design,
74122,5,Visuell kommunikation,
7413,4,Inredningsdesign,
74130,5,Inredningsdesign,
7414,4,Annan specialiserad designverksamhet,
74140,5,Annan specialiserad designverksamhet,
742,3,Fotoverksamhet,
7420,4,Fotoverksamhet,
74200,5,Fotoverksamhet,
743,3,Översättning och tolkning,
7430,4,Översättning och tolkning,
74300,5,Översättning och tolkning,
749,3,"Diverse övrig verksamhet inom juridik, ekonomi, vetenskap och teknik",
7491,4,Patentförmedling samt marknadsföring av patent,
74910,5,Patentförmedling samt marknadsföring av patent,
7499,4,"All övrig verksamhet inom juridik, ekonomi, vetenskap och teknik",
74991,5,Verksamhet vid kulturbranschens programbyråer,
74999,5,"All övrig diverse verksamhet inom juridik, ekonomi, vetenskap och teknik som inte klassificerats på annat håll",
75,2,Veterinärverksamhet,
750,3,Veterinärverksamhet,
7500,4,Veterinärverksamhet,
75000,5,Veterinärverksamhet,
O,1,"Uthyrning, fastighetsservice, resetjänster och annan stödverksamhet",
77,2,Uthyrning och leasing,
771,3,Uthyrning och leasing av motorfordon,
7711,4,Uthyrning och leasing av personbilar och lätta motorfordon,
77110,5,Uthyrning och leasing av personbilar och lätta motorfordon,
7712,4,Uthyrning och leasing av lastbilar och andra tunga motorfordon,
77120,5,Uthyrning och leasing av lastbilar och andra tunga motorfordon,
772,3,Uthyrning och leasing av hushållsartiklar och varor för personligt bruk,
7721,4,Uthyrning och leasing av fritids- och sportutrustning,
77210,5,Uthyrning och leasing av fritids- och sportutrustning,
7722,4,Uthyrning och leasing av andra hushållsartiklar och varor för personligt bruk,
77220,5,Uthyrning och leasing av andra hushållsartiklar och varor för personligt bruk,
773,3,Uthyrning och leasing av annan utrustning och andra maskiner och materiella tillgångar,
7731,4,Uthyrning och leasing av jordbruksmaskiner och jordbruksredskap,
77310,5,Uthyrning och leasing av jordbruksmaskiner och jordbruksredskap,
7732,4,Uthyrning och leasing av bygg- och anläggningsmaskiner,
77320,5,Uthyrning och leasing av bygg- och anläggningsmaskiner,
7733,4,"Uthyrning och leasing av kontorsmaskiner, kontorsutrustning och datorer",
77330,5,"Uthyrning och leasing av kontorsmaskiner, kontorsutrustning och datorer",
7734,4,Uthyrning och leasing av fartyg och båtar,
77340,5,Uthyrning och leasing av fartyg och båtar,
7735,4,Uthyrning och leasing av flygplan,
77350,5,Uthyrning och leasing av flygplan,
7739,4,Uthyrning och leasing av diverse övrig utrustning samt diverse övriga maskiner och materiella tillgångar,
77390,5,Uthyrning och leasing av diverse övrig utrustning samt diverse övriga maskiner och materiella tillgångar,
774,3,"Leasing av immateriell egendom och liknande produkter, med undantag för upphovsrättsskyddade verk",
7740,4,"Leasing av immateriell egendom och liknande produkter, med undantag för upphovsrättsskyddade verk",
77400,5,"Leasing av immateriell egendom och liknande produkter, med undantag för upphovsrättsskyddade verk",
775,3,Förmedling avseende uthyrning och leasing av materiella tillgångar och icke-finansiella immateriella tillgångar,
7751,4,"Förmedling avseende uthyrning och leasing av personbilar, husbilar och släpfordon",
77510,5,"Förmedling avseende uthyrning och leasing av personbilar, husbilar och släpfordon",
7752,4,Förmedling avseende uthyrning och leasing av andra materiella tillgångar och icke-finansiella immateriella tillgångar,
77520,5,Förmedling avseende uthyrning och leasing av andra materiella tillgångar och icke-finansiella immateriella tillgångar,
78,2,"Arbetsförmedling, bemanning och annan personalrelaterad verksamhet",
781,3,Arbetsförmedling och rekrytering,
7810,4,Arbetsförmedling och rekrytering,
78100,5,Arbetsförmedling och rekrytering,
782,3,Personaluthyrning och annat tillhandahållande av personalfunktioner,
7820,4,Personaluthyrning och annat tillhandahållande av personalfunktioner,
78200,5,Personaluthyrning och annat tillhandahållande av personalfunktioner,
79,2,Resebyrå- och researrangörsverksamhet samt annan boknings- och reserelaterad verksamhet,
791,3,Resebyrå- och researrangörsverksamhet,
7911,4,Resebyråverksamhet,
79110,5,Resebyråverksamhet,
7912,4,Researrangemang,
79120,5,Researrangemang,
799,3,Turist- och bokningsverksamhet,
7990,4,Turist- och bokningsverksamhet,
79900,5,Turist- och bokningsverksamhet,
80,2,Säkerhets- och bevakningsverksamhet,
800,3,Säkerhets- och bevakningsverksamhet,
8001,4,Bevakningsverksamhet och privat säkerhetsverksamhet,
80010,5,Bevakningsverksamhet och privat säkerhetsverksamhet,
8009,4,Övrig säkerhetsverksamhet,
80090,5,Övrig säkerhetsverksamhet,
81,2,Fastighetsrelaterad stödverksamhet samt skötsel och underhåll av grönytor,
811,3,Fastighetsrelaterad stödverksamhet,
8110,4,Fastighetsrelaterad stödverksamhet,
81100,5,Fastighetsrelaterad stödverksamhet,
812,3,Rengöring och lokalvård,
8121,4,Lokalvård,
81210,5,Lokalvård,
8122,4,Annan rengöring och sotning av byggnader,
81220,5,Annan rengöring och sotning av byggnader,
8123,4,Annan rengöring,
81231,5,Renhållning av gator och vägar,
81239,5,Övrig rengöring som inte klassificerats på annat håll,
813,3,Skötsel och underhåll av grönytor,
8130,4,Skötsel och underhåll av grönytor,
81300,5,Skötsel och underhåll av grönytor,
82,2,Kontorstjänster och annan stödverksamhet till företag,
821,3,Kontorstjänster,
8210,4,Kontorstjänster,
82100,5,Kontorstjänster,
822,3,Callcenterverksamhet,
8220,4,Callcenterverksamhet,
82200,5,Callcenterverksamhet,
823,3,Arrangemang av kongresser och mässor,
8230,4,Arrangemang av kongresser och mässor,
82300,5,Arrangemang av kongresser och mässor,
824,3,Förmedling avseende övrig stödverksamhet till företag,
8240,4,Förmedling avseende övrig stödverksamhet till företag,
82401,5,Biljettförsäljningstjänster för evenemang,
82402,5,Övrig förmedling avseende stödverksamhet till företag som inte klassificerats på annat håll,
829,3,Övrig stödverksamhet till företag,
8291,4,Inkassoföretags och kreditupplysningsföretags verksamhet,
82910,5,Inkassoföretags och kreditupplysningsföretags verksamhet,
8292,4,Förpackningsverksamhet,
82920,5,Förpackningsverksamhet,
8299,4,Diverse övrig stödverksamhet till företag,
82990,5,Diverse övrig stödverksamhet till företag,
P,1,Offentlig förvaltning och försvar; obligatorisk socialförsäkring,
84,2,Offentlig förvaltning och försvar; obligatorisk socialförsäkring,
841,3,Offentlig förvaltning,
8411,4,Övergripande offentlig förvaltning,
84110,5,Övergripande offentlig förvaltning,
8412,4,"Offentlig förvaltning av vård, utbildning, kulturell verksamhet och annan samhällsverksamhet",
84121,5,Offentlig förvaltning av utbildning och kulturell verksamhet,
84122,5,"Offentlig förvaltning av vård, social trygghet och annan samhällsverksamhet",
8413,4,Offentlig förvaltning av näringslivsprogram,
84130,5,Offentlig förvaltning av näringslivsprogram,
842,3,Verksamheter inom offentlig förvaltning,
8421,4,Utrikesförvaltning,
84210,5,Utrikesförvaltning,
8422,4,Totalförsvar,
84220,5,Totalförsvar,
8423,4,Rättskipning,
84231,5,Fångvård,
84232,5,Rättsvård,
8424,4,Polisverksamhet,
84241,5,Polisväsende,
84242,5,Gränsbevakning och befolkningsskydd,
8425,4,Brand- och räddningsverksamhet,
84250,5,Brand- och räddningsverksamhet,
843,3,Obligatorisk socialförsäkring,
8430,4,Obligatorisk socialförsäkring,
84301,5,Folkpensionsanstaltens verksamhet,
84302,5,Obligatorisk arbetspensionsförsäkring,
84309,5,Övrig obligatorisk socialförsäkring,
Q,1,Utbildning,
85,2,Utbildning,
851,3,Förskoleutbildning,
8510,4,Förskoleutbildning,
85100,5,Förskoleutbildning,
852,3,Grundskoleutbildning,
8520,4,Grundskoleutbildning,
85200,5,Grundskoleutbildning,
853,3,Gymnasial och eftergymnasial utbildning vid annat än universitet eller högskola,
8531,4,Studieförberedande gymnasial utbildning,
85311,5,Utbildning på högre grundnivå,
85312,5,Gymnasieutbildning,
8532,4,Yrkesförberedande gymnasial utbildning,
85320,5,Yrkesförberedande gymnasial utbildning,
8533,4,Eftergymnasial utbildning vid annat än universitet eller högskola,
85330,5,Eftergymnasial utbildning vid annat än universitet eller högskola,
854,3,Universitets- eller högskoleutbildning,
8540,4,Universitets- eller högskoleutbildning,
85400,5,Universitets- eller högskoleutbildning,
855,3,Vuxenutbildning och övrig utbildning,
8551,4,Sport- och fritidsutbildning,
85510,5,Sport- och fritidsutbildning,
8552,4,Musik- och dansutbildning och övrig kulturutbildning,
85520,5,Musik- och dansutbildning och övrig kulturutbildning,
8553,4,Trafikskoleverksamhet,
85530,5,Trafikskoleverksamhet,
8559,4,Diverse övrig utbildning,
85591,5,Folkhögskolor och medborgarinstitut,
85592,5,Utbildningscentraler och studiecentraler,
85593,5,Språkskolor och språkinstitut,
85599,5,Övrig diverse utbildning som inte klassificerats på annat håll,
856,3,Stödverksamhet för utbildningsväsendet,
8561,4,Förmedling avseende kurser och övrig undervisning,
85610,5,Förmedling avseende kurser och övrig undervisning,
8569,4,Övrig stödverksamhet för utbildningsväsendet,
85690,5,Övrig stödverksamhet för utbildningsväsendet,
R,1,Vård och omsorg; social verksamhet,
86,2,Hälso- och sjukvård,
861,3,Sluten sjukvård,
8610,4,Sluten sjukvård,
86100,5,Sluten sjukvård,
862,3,"Öppen hälso- och sjukvård, tandvård",
8621,4,Allmänpraktiserande läkarverksamhet,
86210,5,Allmänpraktiserande läkarverksamhet,
8622,4,Specialistläkarverksamhet,
86220,5,Specialistläkarverksamhet,
8623,4,Tandläkarverksamhet,
86230,5,Tandläkarverksamhet,
869,3,Annan hälso- och sjukvård,
8691,4,Medicinsk laboratorieverksamhet och bilddiagnostik,
86910,5,Medicinsk laboratorieverksamhet och bilddiagnostik,
8692,4,Ambulanstransporter och ambulanssjukvård,
86920,5,Ambulanstransporter och ambulanssjukvård,
8693,4,"Psykologi- och psykoterapiverksamhet, utom läkare",
86930,5,"Psykologi- och psykoterapiverksamhet, utom läkare",
8694,4,Sjuksköterske- och barnmorskeverksamhet,
86940,5,Sjuksköterske- och barnmorskeverksamhet,
8695,4,Fysioterapeutisk verksamhet,
86950,5,Fysioterapeutisk verksamhet,
8696,4,"Traditionell, komplementär och alternativ medicin",
86960,5,"Traditionell, komplementär och alternativ medicin",
8697,4,"Förmedling avseende sjukvård, tandvård och annan hälso- och sjukvård",
86970,5,"Förmedling avseende sjukvård, tandvård och annan hälso- och sjukvård",
8699,4,Diverse övrig hälso- och sjukvård,
86990,5,Diverse övrig hälso- och sjukvård,
87,2,Vård och omsorg med boende,
871,3,Boende med sjuksköterskevård,
8710,4,Boende med sjuksköterskevård,
87100,5,Boende med sjuksköterskevård,
872,3,Boende med särskild service för personer med psykisk funktionsnedsättning eller missbruksproblem,
8720,4,Boende med särskild service för personer med psykisk funktionsnedsättning eller missbruksproblem,
87201,5,Inrättningar och boende med särskild service för personer med intellektuell funktionsnedsättning,
87202,5,Inrättningar och boende med särskild service för personer med psykisk funktionsnedsättning,
87203,5,Inrättningar och boende med särskild service för personer med missbruksproblem,
873,3,Vård och omsorg i särskilda boendeformer för äldre och personer med fysisk funktionsnedsättning,
8730,4,Vård och omsorg i särskilda boendeformer för äldre och personer med fysisk funktionsnedsättning,
87301,5,Vård och omsorg i särskilda boendeformer för äldre,
87302,5,Vård och omsorg i särskilda boendeformer för personer med fysisk funktionsnedsättning,
879,3,Annan vård och omsorg med boende,
8791,4,Förmedling avseende vård och omsorg med boende,
87910,5,Förmedling avseende vård och omsorg med boende,
8799,4,Diverse övrig vård och omsorg med boende,
87991,5,Inrättningar för barn och unga och professionell familjevård,
87992,5,Mödra- och skyddshem,
87999,5,Övriga diverse inrättningar och boenden som sociala insatser som inte klassificerats på annat håll,
88,2,Öppna sociala insatser,
881,3,Öppna sociala insatser för äldre och personer med funktionsnedsättning,
8810,4,Öppna sociala insatser för äldre och personer med funktionsnedsättning,
88101,5,Hemvård för äldre och personer med funktionsnedsättning,
88102,5,Dagverksamhet för äldre,
88103,5,Dag- och arbetsverksamhet för personer med funktionsnedsättning,
88109,5,Övriga öppna insatser för äldre och personer med funktionsnedsättning,
889,3,Andra öppna sociala insatser,
8891,4,Dagbarnvård,
88910,5,Dagbarnvård,
8899,4,Diverse övriga öppna sociala insatser,
88991,5,Dag- och arbetsverksamhet för andra än äldre och personer med funktionsnedsättning,
88992,5,Öppen rehabilitering för personer med missbruksproblem,
88999,5,Övriga diverse öppna sociala insatser som inte klassificerats på annat håll,
S,1,"Kultur, idrott och fritid",
90,2,Konstnärligt skapande och scenkonst,
901,3,Konstnärligt skapande,
9011,4,Litterärt skapande och musikkomposition,
90110,5,Litterärt skapande och musikkomposition,
9012,4,Bildkonst,
90120,5,Bildkonst,
9013,4,Annat konstnärligt skapande,
90130,5,Annat konstnärligt skapande,
902,3,Scenkonst,
9020,4,Scenkonst,
90201,5,Teaterkonst,
90202,5,Musikkonst,
90203,5,Dans- och cirkuskonst,
90209,5,Övrig scenkonst,
903,3,Stödverksamhet avseende konstnärligt skapande och scenkonst,
9031,4,"Drift av teatrar, konserthus o.d.",
90310,5,"Drift av teatrar, konserthus o.d.",
9039,4,Annan stödverksamhet avseende konstnärligt skapande och scenkonst,
90391,5,Anordnande av liveevenemang inom konst och kultur,
90392,5,Tekniska tjänster för liveevenemang inom konst och kultur,
91,2,"Biblioteks-, arkiv- och museiverksamhet m.m.",
911,3,Biblioteks- och arkivverksamhet,
9111,4,Biblioteksverksamhet,
91110,5,Biblioteksverksamhet,
9112,4,Arkivverksamhet,
91120,5,Arkivverksamhet,
912,3,"Museiverksamhet, museisamlingar, vård av historiska minnesmärken och monument",
9121,4,Museiverksamhet och museisamlingar,
91210,5,Museiverksamhet och museisamlingar,
9122,4,Vård av historiska minnesmärken och monument,
91220,5,Vård av historiska minnesmärken och monument,
913,3,"Bevarande, restaurering och annan stödverksamhet avseende kulturarv",
9130,4,"Bevarande, restaurering och annan stödverksamhet avseende kulturarv",
91300,5,"Bevarande, restaurering och annan stödverksamhet avseende kulturarv",
914,3,"Drift av botaniska trädgårdar, djurparker och naturreservat",
9141,4,Drift av botaniska trädgårdar och djurparker,
91410,5,Drift av botaniska trädgårdar och djurparker,
9142,4,Drift av naturreservat,
91420,5,Drift av naturreservat,
92,2,Spel- och vadhållningsverksamhet,
920,3,Spel- och vadhållningsverksamhet,
9200,4,Spel- och vadhållningsverksamhet,
92000,5,Spel- och vadhållningsverksamhet,
93,2,"Sport-, fritids- och nöjesverksamhet",
931,3,Sportverksamhet,
9311,4,Drift av sportanläggningar,
93111,5,Skid- och slalomanläggningar,
93112,5,Övrig drift av sportanläggningar,
9312,4,Sportklubbars och idrottsföreningars verksamhet,
93120,5,Sportklubbars och idrottsföreningars verksamhet,
9313,4,Drift av gymanläggningar,
93130,5,Drift av gymanläggningar,
9319,4,Övrig sportverksamhet,
93191,5,Grenförbund och professionella idrottare,
93199,5,Övrig sportverksamhet som inte klassificerats på annat håll,
932,3,Fritids- och nöjesverksamhet,
9321,4,Nöjes- och temaparksverksamhet,
93210,5,Nöjes- och temaparksverksamhet,
9329,4,Övrig fritids- och nöjesverksamhet,
93290,5,Övrig fritids- och nöjesverksamhet,
T,1,Annan serviceverksamhet,
94,2,Intressebevakning; religiös verksamhet,
941,3,"Intressebevakning inom bransch-, arbetsgivar- och yrkesorganisationer",
9411,4,Intressebevakning inom bransch- och arbetsgivarorganisationer,
94110,5,Intressebevakning inom bransch- och arbetsgivarorganisationer,
9412,4,Intressebevakning inom yrkesorganisationer,
94120,5,Intressebevakning inom yrkesorganisationer,
942,3,Intressebevakning inom arbetstagarorganisationer,
9420,4,Intressebevakning inom arbetstagarorganisationer,
94200,5,Intressebevakning inom arbetstagarorganisationer,
949,3,Verksamhet i religiösa samfund och i andra intresseorganisationer,
9491,4,Verksamhet i religiösa samfund,
94910,5,Verksamhet i religiösa samfund,
9492,4,Verksamhet i politiska organisationer,
94921,5,Verksamhet i politiska vuxenorganisationer,
94922,5,Verksamhet i politiska ungdomsorganisationer,
9499,4,Verksamhet i diverse övriga intresseorganisationer,
94991,5,Verksamhet i intresseorganisationer för forskning och kultur,
94992,5,Verksamhet i intresseorganisationer inom kultur- och konstbranschen,
94993,5,Verksamhet i intresseorganisationer för miljöskydd och naturvård samt ekologisk hållbarhet,
94994,5,Verksamhet i intresseorganisationer inom ungdomsbranschen,
94995,5,Verksamhet i social- och hälsoorganisationer som ger stöd i särskilda livssituationer,
94999,5,Övrig verksamhet i intresseorganisationer som inte klassificerats på annat håll,
95,2,"Reparation och underhåll av datorer, hushållsartiklar och varor för personligt bruk samt motorfordon och motorcyklar",
951,3,Reparation och underhåll av datorer och kommunikationsutrustning,
9510,4,Reparation och underhåll av datorer och kommunikationsutrustning,
95100,5,Reparation och underhåll av datorer och kommunikationsutrustning,
952,3,Reparation och underhåll av hushållsartiklar och varor för personligt bruk,
9521,4,Reparation och underhåll av hemelektronik,
95210,5,Reparation och underhåll av hemelektronik,
9522,4,Reparation och underhåll av hushållsapparater samt av utrustning för hem och trädgård,
95220,5,Reparation och underhåll av hushållsapparater samt av utrustning för hem och trädgård,
9523,4,Reparation och underhåll av skodon och lädervaror,
95230,5,Reparation och underhåll av skodon och lädervaror,
9524,4,Reparation och underhåll av möbler och heminredning,
95240,5,Reparation och underhåll av möbler och heminredning,
9525,4,Reparation och underhåll av ur och guldsmedsvaror,
95250,5,Reparation och underhåll av ur och guldsmedsvaror,
9529,4,Reparation och underhåll av övriga hushållsartiklar och varor för personligt bruk,
95290,5,Reparation och underhåll av övriga hushållsartiklar och varor för personligt bruk,
953,3,Reparation och underhåll av motorfordon och motorcyklar,
9531,4,Reparation och underhåll av motorfordon,
95311,5,Reparation av däck till motorfordon,
95312,5,Övrig reparation och övrigt underhåll av motorfordon,
9532,4,Reparation och underhåll av motorcyklar,
95320,5,Reparation och underhåll av motorcyklar,
954,3,"Förmedling avseende reparation och underhåll av datorer, hushållsartiklar och varor för personligt bruk samt motorfordon och motorcyklar",
9540,4,"Förmedling avseende reparation och underhåll av datorer, hushållsartiklar och varor för personligt bruk samt motorfordon och motorcyklar",
95400,5,"Förmedling avseende reparation och underhåll av datorer, hushållsartiklar och varor för personligt bruk samt motorfordon och motorcyklar",
96,2,Konsumenttjänster,
961,3,Tvätteriverksamhet,
9610,4,Tvätteriverksamhet,
96101,5,Tvätteriverksamhet för företag,
96102,5,Tvätteriverksamhet för hushåll,
962,3,"Hår- och skönhetsvård, dagspa o.d.",
9621,4,Frisörer och barberare,
96210,5,Frisörer och barberare,
9622,4,Skönhetsvård och andra skönhetsbehandlingar,
96220,5,Skönhetsvård och andra skönhetsbehandlingar,
9623,4,"Dagspa, bastu och ångbastu",
96230,5,"Dagspa, bastu och ångbastu",
963,3,Begravningsverksamhet,
9630,4,Begravningsverksamhet,
96300,5,Begravningsverksamhet,
964,3,Förmedling avseende konsumenttjänster,
9640,4,Förmedling avseende konsumenttjänster,
96400,5,Förmedling avseende konsumenttjänster,
969,3,Övriga konsumenttjänster,
9691,4,Tillhandahållande av konsumenttjänster i hemmet,
96910,5,Tillhandahållande av konsumenttjänster i hemmet,
9699,4,Diverse övriga konsumenttjänster,
96991,5,Tjänster avseende sällskapsdjur,
96999,5,Diverse övriga konsumenttjänster som inte klassificerats på annat håll,
U,1,Förvärvsarbete i hushåll och hushållens produktion av diverse varor och tjänster för eget bruk,
97,2,Förvärvsarbete i hushåll,
970,3,Förvärvsarbete i hushåll,
9700,4,Förvärvsarbete i hushåll,
97000,5,Förvärvsarbete i hushåll,
98,2,Hushållens produktion av diverse varor och tjänster för eget bruk,
981,3,Hushållens produktion av diverse varor för eget bruk,
9810,4,Hushållens produktion av diverse varor för eget bruk,
98100,5,Hushållens produktion av diverse varor för eget bruk,
982,3,Hushållens produktion av diverse tjänster för eget bruk,
9820,4,Hushållens produktion av diverse tjänster för eget bruk,
98200,5,Hushållens produktion av diverse tjänster för eget bruk,
V,1,"Verksamhet vid internationella organisationer, utländska ambassader o.d.",
99,2,"Verksamhet vid internationella organisationer, utländska ambassader o.d.",
990,3,"Verksamhet vid internationella organisationer, utländska ambassader o.d.",
9900,4,"Verksamhet vid internationella organisationer, utländska ambassader o.d.",
99000,5,"Verksamhet vid internationella organisationer, utländska ambassader o.d.",
